0.000000000000000000e+00,1.000000000000000021e-02,8.752602163419530568e-01,8.749979645504262216e-01,8.747424987779122141e-01,3.901683803833927433e-02,-1.408076198764282305e-01
0.000000000000000000e+00,5.357894736842105932e-01,6.358189118291504016e-01,6.209568561216147753e-01,6.102631846370045743e-01,5.765253821895879316e-01,-1.544429637158795776e+00
0.000000000000000000e+00,1.061578947368421177e+00,6.308240807640548287e-01,6.142265428271621586e-01,6.034728520990118028e-01,6.356568918851098760e-01,-1.672623668228648386e+00
0.000000000000000000e+00,1.587368421052631762e+00,6.281133661281664837e-01,6.106106448585801871e-01,5.998832956058504084e-01,6.658649206515070418e-01,-1.744858563098157234e+00
0.000000000000000000e+00,2.113157894736842124e+00,6.263844489473481270e-01,6.082919284478804922e-01,5.974765836782671702e-01,6.859223076124739693e-01,-1.795260263113667598e+00
0.000000000000000000e+00,2.638947368421052708e+00,6.250464835308008338e-01,6.065199160834928716e-01,5.956860294417665180e-01,7.008196359692786537e-01,-1.833869607588640704e+00
0.000000000000000000e+00,3.164736842105263293e+00,6.240440111451064364e-01,6.051696645883745118e-01,5.942706773052487401e-01,7.126159428914650151e-01,-1.865100717002391884e+00
0.000000000000000000e+00,3.690526315789473877e+00,6.232202433264870667e-01,6.041041696760662827e-01,5.931080472453434949e-01,7.223384213301944357e-01,-1.891245778009730705e+00
0.000000000000000000e+00,4.216315789473684461e+00,6.224913818055746173e-01,6.031252868973221437e-01,5.921247389217315638e-01,7.306013830101742990e-01,-1.913724133633612601e+00
0.000000000000000000e+00,4.742105263157895045e+00,6.218476195027959896e-01,6.022648645614098184e-01,5.912764549961068150e-01,7.377608537365708541e-01,-1.933387881445930434e+00
0.000000000000000000e+00,5.267894736842105630e+00,6.212814495765383027e-01,6.015281581149631851e-01,5.905327488765661492e-01,7.440637885978996779e-01,-1.950838476120340337e+00
0.000000000000000000e+00,5.793684210526316214e+00,6.207490899136147711e-01,6.008424292490790464e-01,5.898724453623374053e-01,7.496885184203999630e-01,-1.966504412581331351e+00
0.000000000000000000e+00,6.319473684210526798e+00,6.203198794768434166e-01,6.002499574009638739e-01,5.892795174420828452e-01,7.547544014823902581e-01,-1.980705441264878353e+00
0.000000000000000000e+00,6.845263157894737382e+00,6.199012066171194490e-01,5.997153525203227087e-01,5.887436465514536144e-01,7.593633945912442451e-01,-1.993679348297571208e+00
0.000000000000000000e+00,7.371052631578947967e+00,6.195270571091904266e-01,5.992382835955214482e-01,5.882574386752761342e-01,7.635835028439582617e-01,-2.005609188115835551e+00
0.000000000000000000e+00,7.896842105263158551e+00,6.191795350245387075e-01,5.987884351116714576e-01,5.878120248482758825e-01,7.674732804305882672e-01,-2.016643465987655759e+00
0.000000000000000000e+00,8.422631578947369135e+00,6.188612905627938199e-01,5.983428432616153536e-01,5.874013907369184384e-01,7.710778623884554372e-01,-2.026900040339625786e+00
0.000000000000000000e+00,8.948421052631578831e+00,6.185696681961182497e-01,5.979715590359820920e-01,5.870208320076066855e-01,7.744328765021372130e-01,-2.036474041368661059e+00
0.000000000000000000e+00,9.474210526315790304e+00,6.183153507519569825e-01,5.976514556412356738e-01,5.866664508246445253e-01,7.775683652970073467e-01,-2.045446825679847258e+00
0.000000000000000000e+00,1.000000000000000000e+01,6.180197498498820607e-01,5.972702068541310139e-01,5.863353928068013587e-01,7.805155275969261064e-01,-2.053885394204293391e+00
3.157894736842105088e-01,1.000000000000000021e-02,9.047984212383549663e-01,9.045789595207907041e-01,9.043693802567150941e-01,3.021144429165653622e-02,-1.175006067414816058e-01
3.157894736842105088e-01,5.357894736842105932e-01,6.400734232025273585e-01,6.266425666384122239e-01,6.191650843412560556e-01,4.978438703333707416e-01,-1.392407376691953802e+00
3.157894736842105088e-01,1.061578947368421177e+00,6.347233064551155435e-01,6.194735916957271327e-01,6.107305202559729640e-01,5.741484127753307964e-01,-1.536548567537472598e+00
3.157894736842105088e-01,1.587368421052631762e+00,6.319609244895431077e-01,6.157494138736947509e-01,6.065728247326725997e-01,6.102169409406973388e-01,-1.613076238332476153e+00
3.157894736842105088e-01,2.113157894736842124e+00,6.300817253782996508e-01,6.132372772464409483e-01,6.038334415907115060e-01,6.334633268798969263e-01,-1.665689703234653818e+00
3.157894736842105088e-01,2.638947368421052708e+00,6.286617672039528371e-01,6.113201618015258187e-01,6.018050918269719496e-01,6.504763268250474129e-01,-1.705859286241777184e+00
3.157894736842105088e-01,3.164736842105263293e+00,6.275134451753594522e-01,6.098205598231876134e-01,6.002049283026703597e-01,6.638075747545635341e-01,-1.738316342860587893e+00
3.157894736842105088e-01,3.690526315789473877e+00,6.266301824637309226e-01,6.086341070616498872e-01,5.988897669358581588e-01,6.747151416663809131e-01,-1.765516591146078396e+00
3.157894736842105088e-01,4.216315789473684461e+00,6.258180837958116083e-01,6.075370947570732927e-01,5.977769776182690897e-01,6.839394331889105949e-01,-1.788926835302113050e+00
3.157894736842105088e-01,4.742105263157895045e+00,6.251408752961465920e-01,6.066628214573697164e-01,5.968152283039116490e-01,6.919077261327920558e-01,-1.809456007784482567e+00
3.157894736842105088e-01,5.267894736842105630e+00,6.246323130200960305e-01,6.059619316532124378e-01,5.959714689539304944e-01,6.988869043514983614e-01,-1.827688513549095006e+00
3.157894736842105088e-01,5.793684210526316214e+00,6.241020849076320820e-01,6.052408449667628920e-01,5.952200280538244570e-01,7.051239641399794644e-01,-1.844125756668166138e+00
3.157894736842105088e-01,6.319473684210526798e+00,6.236482320954714886e-01,6.046521674500815458e-01,5.945447940965624678e-01,7.107356620605506103e-01,-1.859049369378731997e+00
3.157894736842105088e-01,6.845263157894737382e+00,6.232358677628999644e-01,6.041165423263531453e-01,5.939327320121279286e-01,7.158257838744296331e-01,-1.872701157649913073e+00
3.157894736842105088e-01,7.371052631578947967e+00,6.228224676309249697e-01,6.035397814056068233e-01,5.933729173804312973e-01,7.204984327959175205e-01,-1.885303973204614847e+00
3.157894736842105088e-01,7.896842105263158551e+00,6.224821814942503861e-01,6.031063223478664304e-01,5.928580527010343104e-01,7.248004673026940958e-01,-1.896985797718618194e+00
3.157894736842105088e-01,8.422631578947369135e+00,6.221427630588340918e-01,6.026715191340594746e-01,5.923821064418883786e-01,7.287875744429491709e-01,-1.907866983614346923e+00
3.157894736842105088e-01,8.948421052631578831e+00,6.218218522226276468e-01,6.022174120808360120e-01,5.919399472691897479e-01,7.325000904414818992e-01,-1.918046926956102238e+00
3.157894736842105088e-01,9.474210526315790304e+00,6.215165240759326082e-01,6.018229710597152726e-01,5.915274397054159916e-01,7.359711166020320716e-01,-1.927606306573502293e+00
3.157894736842105088e-01,1.000000000000000000e+01,6.212395445651490711e-01,6.014688416088818101e-01,5.911411194850693107e-01,7.392282807224730412e-01,-1.936613331813499927e+00
6.315789473684210176e-01,1.000000000000000021e-02,9.292735278780863695e-01,9.290688345163421458e-01,9.288648031268474936e-01,2.273179911527578589e-02,-9.954751998239304289e-02
6.315789473684210176e-01,5.357894736842105932e-01,6.446768448009526642e-01,6.351875543354371656e-01,6.349149383668687419e-01,3.691741597506295602e-01,-1.169855663171770921e+00
6.315789473684210176e-01,1.061578947368421177e+00,6.390763390033816771e-01,6.252610237805275029e-01,6.197966651462692989e-01,4.955050935807793766e-01,-1.383757442474607968e+00
6.315789473684210176e-01,1.587368421052631762e+00,6.360212368154860574e-01,6.211754776933847699e-01,6.144484032526968953e-01,5.429747534098652295e-01,-1.471976455302048237e+00
6.315789473684210176e-01,2.113157894736842124e+00,6.340073737910211227e-01,6.184778894117988202e-01,6.111533013774428369e-01,5.718055026759970572e-01,-1.529391805887618583e+00
6.315789473684210176e-01,2.638947368421052708e+00,6.325551170774994514e-01,6.165173968636411539e-01,6.087837473047367221e-01,5.922296817080173748e-01,-1.572163828392180163e+00
6.315789473684210176e-01,3.164736842105263293e+00,6.313744802912397702e-01,6.149415496744823351e-01,6.069416049509852584e-01,6.079298051610609877e-01,-1.606309076115689960e+00
6.315789473684210176e-01,3.690526315789473877e+00,6.303711661433527569e-01,6.135952206340971049e-01,6.054391745248877132e-01,6.206273439116231083e-01,-1.634759044923757232e+00
6.315789473684210176e-01,4.216315789473684461e+00,6.295274634456377028e-01,6.124612093790254841e-01,6.041737598524971053e-01,6.312593793687474308e-01,-1.659156060180065895e+00
6.315789473684210176e-01,4.742105263157895045e+00,6.288138240959050274e-01,6.115276809037515360e-01,6.030835804715283244e-01,6.403663476054535231e-01,-1.680495988544818076e+00
6.315789473684210176e-01,5.267894736842105630e+00,6.281538006006124331e-01,6.106365535466515837e-01,6.021281335689505632e-01,6.483206643379001433e-01,-1.699454218681267781e+00
6.315789473684210176e-01,5.793684210526316214e+00,6.275927876588025534e-01,6.099107304693206499e-01,6.012784662831123228e-01,6.553734069514675076e-01,-1.716517205228554666e+00
6.315789473684210176e-01,6.319473684210526798e+00,6.270561375825829398e-01,6.091754573492659253e-01,6.005148557407283816e-01,6.617084119328301428e-01,-1.732026138787830405e+00
6.315789473684210176e-01,6.845263157894737382e+00,6.266642057083441353e-01,6.086666573327450536e-01,5.998228310174238409e-01,6.674125774821201285e-01,-1.746202467228672672e+00
6.315789473684210176e-01,7.371052631578947967e+00,6.262455564885796022e-01,6.080858248628876472e-01,5.991895917762770640e-01,6.726486850667893203e-01,-1.759307522560891845e+00
6.315789473684210176e-01,7.896842105263158551e+00,6.258177686429051700e-01,6.075268421215579417e-01,5.986076350736335705e-01,6.774552563319763410e-01,-1.771451359139671000e+00
6.315789473684210176e-01,8.422631578947369135e+00,6.254570067076827833e-01,6.070614716995035298e-01,5.980688204177421197e-01,6.819040874168903477e-01,-1.782783671030248263e+00
6.315789473684210176e-01,8.948421052631578831e+00,6.251507830536033872e-01,6.066495454902467444e-01,5.975683787775715183e-01,6.860293805383320676e-01,-1.793381693273567778e+00
6.315789473684210176e-01,9.474210526315790304e+00,6.248358603154463564e-01,6.062163603785430954e-01,5.971007119139081221e-01,6.898920017938409144e-01,-1.803358773454791120e+00
6.315789473684210176e-01,1.000000000000000000e+01,6.245829732294975178e-01,6.058880920786507973e-01,5.966628627521116668e-01,6.934984671191745109e-01,-1.812752407502333130e+00
9.473684210526315264e-01,1.000000000000000021e-02,9.227074280210484369e-01,9.206480867425397285e-01,9.185979798790918638e-01,1.406515859783849347e-02,-2.444382083821683149e-01
9.473684210526315264e-01,5.357894736842105932e-01,7.867835752739273936e-01,7.864691989137783112e-01,7.861550739865222903e-01,7.234276855546681317e-02,-3.196667413797616430e-01
9.473684210526315264e-01,1.061578947368421177e+00,6.437634756836220218e-01,6.370253167078241407e-01,6.367346261991713163e-01,3.679957142220377508e-01,-1.155342591182070278e+00
9.473684210526315264e-01,1.587368421052631762e+00,6.405176058341087719e-01,6.271358840002289048e-01,6.252670786638269140e-01,4.517824092140978465e-01,-1.302158223026802730e+00
9.473684210526315264e-01,2.113157894736842124e+00,6.383746367103766417e-01,6.242742504820836258e-01,6.203732321224395552e-01,4.931346549457553130e-01,-1.375804452214367091e+00
9.473684210526315264e-01,2.638947368421052708e+00,6.367329079133774439e-01,6.220831347135546974e-01,6.172211826774315346e-01,5.203889080372502418e-01,-1.426238016183712487e+00
9.473684210526315264e-01,3.164736842105263293e+00,6.354288673367547435e-01,6.203449083934254871e-01,6.148985478472327459e-01,5.405350429355780806e-01,-1.464851293905078400e+00
9.473684210526315264e-01,3.690526315789473877e+00,6.343951059469028486e-01,6.189612917761033728e-01,6.130663032050983619e-01,5.563538027394401286e-01,-1.496158638234302396e+00
9.473684210526315264e-01,4.216315789473684461e+00,6.334976834066997631e-01,6.177583166792951497e-01,6.115545889138184199e-01,5.693632811602248323e-01,-1.522571735403935200e+00
9.473684210526315264e-01,4.742105263157895045e+00,6.327545214563510267e-01,6.167610337423665712e-01,6.102706501473691425e-01,5.803598514217560567e-01,-1.545417193325026917e+00
9.473684210526315264e-01,5.267894736842105630e+00,6.320452718172351325e-01,6.158228621271431003e-01,6.091574925452616363e-01,5.898275413296485414e-01,-1.565523735430985441e+00
9.473684210526315264e-01,5.793684210526316214e+00,6.314820582554149242e-01,6.150632700385583185e-01,6.081753321875554841e-01,5.981480337849814921e-01,-1.583507510172937005e+00
9.473684210526315264e-01,6.319473684210526798e+00,6.309193236620241896e-01,6.142949879323653661e-01,6.072966491942638489e-01,6.055784647064177406e-01,-1.599800294707105053e+00
9.473684210526315264e-01,6.845263157894737382e+00,6.304230565607905623e-01,6.136470952420653990e-01,6.065037824946073464e-01,6.122416392864427070e-01,-1.614653287148711369e+00
9.473684210526315264e-01,7.371052631578947967e+00,6.299521403583958623e-01,6.130335653857609257e-01,6.057810861112695733e-01,6.183046786521045890e-01,-1.628330443304662367e+00
9.473684210526315264e-01,7.896842105263158551e+00,6.295448477604344006e-01,6.124700254546995293e-01,6.051175679590290457e-01,6.238615685420265677e-01,-1.641005079887067675e+00
9.473684210526315264e-01,8.422631578947369135e+00,6.291685100057732294e-01,6.119826810022939156e-01,6.045051860024405199e-01,6.289695532766177433e-01,-1.652797081423016179e+00
9.473684210526315264e-01,8.948421052631578831e+00,6.288063439741525817e-01,6.115014813433458096e-01,6.039366912632639917e-01,6.337050748114599896e-01,-1.663831508523955449e+00
9.473684210526315264e-01,9.474210526315790304e+00,6.284528722910126541e-01,6.110134256196619873e-01,6.034066950864181988e-01,6.381095516680850288e-01,-1.674192762134564916e+00
9.473684210526315264e-01,1.000000000000000000e+01,6.281352608899095635e-01,6.106008421115046714e-01,6.029106485913547919e-01,6.422257160237129225e-01,-1.683957083939819244e+00
1.263157894736842035e+00,1.000000000000000021e-02,9.111892267568237891e-01,9.020662058059799593e-01,8.931297211691636706e-01,9.032339872775801623e-03,-2.955178260478789065e-01
1.263157894736842035e+00,5.357894736842105932e-01,8.222440249133048384e-01,8.218862121128468479e-01,8.215297886268470018e-01,6.090584303096289315e-02,-1.880653316430504207e-01
1.263157894736842035e+00,1.061578947368421177e+00,7.887670257368282201e-01,7.885129125591440191e-01,7.882589632199032970e-01,7.278928541240675676e-02,-3.126101992399713536e-01
1.263157894736842035e+00,1.587368421052631762e+00,7.258004238105977279e-01,7.179304971912153777e-01,7.102351552710212124e-01,2.480536259587684256e-01,-7.739045030990124863e-01
1.263157894736842035e+00,2.113157894736842124e+00,6.429508252862605744e-01,6.389518925272685834e-01,6.386290447659744851e-01,3.659043137292462000e-01,-1.140191520859969554e+00
1.263157894736842035e+00,2.638947368421052708e+00,6.412115929211115173e-01,6.305468900738853133e-01,6.302830558597291022e-01,4.170385014906054510e-01,-1.235658657484140166e+00
1.263157894736842035e+00,3.164736842105263293e+00,6.398791929331760775e-01,6.262712886844487015e-01,6.260089490253061273e-01,4.490837960202729851e-01,-1.293116442483100759e+00
1.263157894736842035e+00,3.690526315789473877e+00,6.388074399136074444e-01,6.248111956481265938e-01,6.231173737751637409e-01,4.723060801656126517e-01,-1.334927094223603783e+00
1.263157894736842035e+00,4.216315789473684461e+00,6.377727897049353389e-01,6.234437145525629775e-01,6.209298240961955706e-01,4.904525157388228140e-01,-1.368012493175522870e+00
1.263157894736842035e+00,4.742105263157895045e+00,6.370042200404294475e-01,6.224096863301690208e-01,6.191714155400758202e-01,5.052140984165427451e-01,-1.395439296309555433e+00
1.263157894736842035e+00,5.267894736842105630e+00,6.361913234569964715e-01,6.213399228393347018e-01,6.177012003887387692e-01,5.177132298196577276e-01,-1.418968423507727339e+00
1.263157894736842035e+00,5.793684210526316214e+00,6.355981086741474551e-01,6.205399073748774086e-01,6.164406382523384131e-01,5.284453793459384929e-01,-1.439535278523570438e+00
1.263157894736842035e+00,6.319473684210526798e+00,6.349374303235548744e-01,6.196733460310743791e-01,6.153371893587973318e-01,5.378860381834474902e-01,-1.457858413840090739e+00
1.263157894736842035e+00,6.845263157894737382e+00,6.344828873786253487e-01,6.190542877287105172e-01,6.143583584852796431e-01,5.462234112045771806e-01,-1.474331044589146211e+00
1.263157894736842035e+00,7.371052631578947967e+00,6.339389936309698381e-01,6.183409466647701302e-01,6.134777220951159737e-01,5.537479141369090474e-01,-1.489354753007542387e+00
1.263157894736842035e+00,7.896842105263158551e+00,6.335370482991021790e-01,6.177903048814913367e-01,6.126783598973383205e-01,5.605595591313042858e-01,-1.503142793883761152e+00
1.263157894736842035e+00,8.422631578947369135e+00,6.331359860480174628e-01,6.172347779889141295e-01,6.119471920984188573e-01,5.667780586748258909e-01,-1.515883754551677898e+00
1.263157894736842035e+00,8.948421052631578831e+00,6.327719827852067436e-01,6.167639949179473113e-01,6.112734146559631876e-01,5.725016811445898801e-01,-1.527736600392191058e+00
1.263157894736842035e+00,9.474210526315790304e+00,6.323718721522051389e-01,6.162380878045708998e-01,6.106497434003498315e-01,5.777913654823214618e-01,-1.538803465234788170e+00
1.263157894736842035e+00,1.000000000000000000e+01,6.320386228773833270e-01,6.157942476671773857e-01,6.100682495087083046e-01,5.827122312052401831e-01,-1.549203390494971133e+00
1.578947368421052655e+00,1.000000000000000021e-02,7.937911960771072417e-01,7.449548674294345085e-01,7.063326460610498403e-01,1.597359077705633179e-02,-3.184286145419498726e-01
1.578947368421052655e+00,5.357894736842105932e-01,8.584787215669837934e-01,8.582414094246745284e-01,8.580053250970783862e-01,5.045904801463538952e-02,-1.245952808409868245e-01
1.578947368421052655e+00,1.061578947368421177e+00,8.244504147265206973e-01,8.240823714334962746e-01,8.237152218605215959e-01,6.114681937791018734e-02,-1.831633957571735805e-01
1.578947368421052655e+00,1.587368421052631762e+00,8.039741426953787018e-01,8.036918000968956699e-01,8.034464058367073447e-01,6.745566496481922303e-02,-2.370850605304035685e-01
1.578947368421052655e+00,2.113157894736842124e+00,7.905216887746644439e-01,7.903035350575203788e-01,7.900855018110680694e-01,7.278169203548665034e-02,-3.051665817620929921e-01
1.578947368421052655e+00,2.638947368421052708e+00,7.794769754202756085e-01,7.786138007460180477e-01,7.777525420484656671e-01,1.189507016989130861e-01,-4.363507899214755237e-01
1.578947368421052655e+00,3.164736842105263293e+00,7.436990389211451946e-01,7.366970491174470448e-01,7.298295146297975045e-01,2.447812503623375269e-01,-7.232630169410233512e-01
1.578947368421052655e+00,3.690526315789473877e+00,6.572540164571438748e-01,6.550026066592369300e-01,6.527667286943366065e-01,3.194300427046651847e-01,-1.013510881784356332e+00
1.578947368421052655e+00,4.216315789473684461e+00,6.423505818455246263e-01,6.410978827521659484e-01,6.407140599055417551e-01,3.625586691096391867e-01,-1.123458489711452124e+00
1.578947368421052655e+00,4.742105263157895045e+00,6.415182855547881813e-01,6.351520301952245928e-01,6.348715940274587410e-01,3.917596811739010865e-01,-1.182977069227936884e+00
1.578947368421052655e+00,5.267894736842105630e+00,6.406761302308817685e-01,6.315642165842114686e-01,6.312984131209675720e-01,4.138169280606136535e-01,-1.224773426350903804e+00
1.578947368421052655e+00,5.793684210526316214e+00,6.400753770693390354e-01,6.290058558914625175e-01,6.287432254539379040e-01,4.313018386750184230e-01,-1.257207656429923270e+00
1.578947368421052655e+00,6.319473684210526798e+00,6.394183111432252264e-01,6.270144234345241818e-01,6.267522447035922539e-01,4.459128340120612211e-01,-1.283947118996593639e+00
1.578947368421052655e+00,6.845263157894737382e+00,6.389355407441983381e-01,6.253838498444238558e-01,6.251212960314860290e-01,4.583402827911980393e-01,-1.306707478478009499e+00
1.578947368421052655e+00,7.371052631578947967e+00,6.383747581156129502e-01,6.242085830184733730e-01,6.237398346617536449e-01,4.692039009555472595e-01,-1.326591429387240728e+00
1.578947368421052655e+00,7.896842105263158551e+00,6.378529786243083421e-01,6.235208483315318739e-01,6.225409035503515209e-01,4.788140529472754703e-01,-1.344268188154944754e+00
1.578947368421052655e+00,8.422631578947369135e+00,6.374841662499475259e-01,6.230190639673972575e-01,6.214825235359028310e-01,4.874004558219391936e-01,-1.360178370437696627e+00
1.578947368421052655e+00,8.948421052631578831e+00,6.370502065081067311e-01,6.224445549376842468e-01,6.205363079576710073e-01,4.951365840487389480e-01,-1.374636350858813527e+00
1.578947368421052655e+00,9.474210526315790304e+00,6.366182049410133992e-01,6.218769154809642430e-01,6.196792656958785006e-01,5.022443200759829640e-01,-1.387948603608923692e+00
1.578947368421052655e+00,1.000000000000000000e+01,6.362151922975138874e-01,6.213472519578761011e-01,6.188970296922394754e-01,5.087597906948233550e-01,-1.400253306522890817e+00
1.894736842105263053e+00,1.000000000000000021e-02,7.422885017169869037e-01,6.898796547300588555e-01,6.493174653840741994e-01,1.395201408333543620e-02,-5.683290623799343022e-01
1.894736842105263053e+00,5.357894736842105932e-01,8.908374212603741293e-01,8.905411472388949923e-01,8.903215425996147125e-01,3.974783071226776349e-02,-9.647942993882095697e-02
1.894736842105263053e+00,1.061578947368421177e+00,8.604782261401014987e-01,8.602318198741297772e-01,8.599869121096387348e-01,5.053226870535539733e-02,-1.212012935474792580e-01
1.894736842105263053e+00,1.587368421052631762e+00,8.409223840311229603e-01,8.406440609300597222e-01,8.403660508509442906e-01,5.674729759688928316e-02,-1.515465266943243905e-01
1.894736842105263053e+00,2.113157894736842124e+00,8.264201842418840149e-01,8.260480717472905576e-01,8.256765831050757454e-01,6.135488325785742880e-02,-1.789227113306820771e-01
1.894736842105263053e+00,2.638947368421052708e+00,8.149178815754525296e-01,8.145087450159881337e-01,8.141209040296392141e-01,6.451169339471528319e-02,-2.050753647797956825e-01
1.894736842105263053e+00,3.164736842105263293e+00,8.057626362916426865e-01,8.054601800169360892e-01,8.052015308016690076e-01,6.747920082785487106e-02,-2.318447638050146475e-01
1.894736842105263053e+00,3.690526315789473877e+00,7.983396358197318854e-01,7.981104706926265280e-01,7.979035462242931587e-01,7.011560742304566440e-02,-2.614232313470453706e-01
1.894736842105263053e+00,4.216315789473684461e+00,7.921559459191446217e-01,7.919552063706664091e-01,7.917568268140668941e-01,7.273677806571078597e-02,-2.975491949655539869e-01
1.894736842105263053e+00,4.742105263157895045e+00,7.867102322145301807e-01,7.863505483686737962e-01,7.859911937190906528e-01,7.521668955482303798e-02,-3.462474084095856774e-01
1.894736842105263053e+00,5.267894736842105630e+00,7.813914141023520221e-01,7.806753452329221465e-01,7.799605911942553149e-01,1.148170161602198730e-01,-4.193216497876756654e-01
1.894736842105263053e+00,5.793684210526316214e+00,7.756480638249340087e-01,7.745278757075878540e-01,7.734109325470588381e-01,1.791273123456341432e-01,-5.285584064560583384e-01
1.894736842105263053e+00,6.319473684210526798e+00,7.560663707552971458e-01,7.503054401998920930e-01,7.446336930366500573e-01,2.375851316841915695e-01,-6.739993043592965583e-01
1.894736842105263053e+00,6.845263157894737382e+00,7.099096387117640461e-01,7.011797575439256969e-01,6.926702134165582114e-01,2.816077804313831812e-01,-8.385237544433291612e-01
1.894736842105263053e+00,7.371052631578947967e+00,6.661282918725898172e-01,6.617115019607100468e-01,6.573540869905295514e-01,3.137679969472624841e-01,-9.740928137982421964e-01
1.894736842105263053e+00,7.896842105263158551e+00,6.511357560682625722e-01,6.499375611792441720e-01,6.487437924144844326e-01,3.383474231076161742e-01,-1.054155378315057456e+00
1.894736842105263053e+00,8.422631578947369135e+00,6.441043461821769345e-01,6.435986119739720568e-01,6.430936731968759368e-01,3.576503681652211664e-01,-1.104211275438112372e+00
1.894736842105263053e+00,8.948421052631578831e+00,6.415985793230000178e-01,6.395154424065618848e-01,6.391727954936394784e-01,3.738080833489890176e-01,-1.140545247373935256e+00
1.894736842105263053e+00,9.474210526315790304e+00,6.411584570697007601e-01,6.366222194328354789e-01,6.363278094873316970e-01,3.874575895755987820e-01,-1.169131203104253114e+00
1.894736842105263053e+00,1.000000000000000000e+01,6.407315219168294718e-01,6.344151266069479878e-01,6.341385254198226296e-01,3.993465712354959396e-01,-1.192874066028516866e+00
2.210526315789473450e+00,1.000000000000000021e-02,7.024998357783971414e-01,6.683290034402823432e-01,6.379189599199917016e-01,3.633157087580583811e-02,-5.374739243783300813e-01
2.210526315789473450e+00,5.357894736842105932e-01,9.185597265544988010e-01,9.183445652939141723e-01,9.181364246576427801e-01,2.935616260948650455e-02,-7.219408655830095167e-02
2.210526315789473450e+00,1.061578947368421177e+00,8.923170886535025659e-01,8.920775082829264235e-01,8.918609212907467887e-01,3.956313017413024685e-02,-8.372347878417694955e-02
2.210526315789473450e+00,1.587368421052631762e+00,8.752624199316501041e-01,8.749053386045405611e-01,8.745526259314703177e-01,4.600212975964682038e-02,-1.016622684310853481e-01
2.210526315789473450e+00,2.113157894736842124e+00,8.622766592844062217e-01,8.620204018229142839e-01,8.617657271278466036e-01,5.044962734122291487e-02,-1.182664050307846576e-01
2.210526315789473450e+00,2.638947368421052708e+00,8.517440420220964148e-01,8.515086184540726633e-01,8.512738982902733342e-01,5.382375331300805893e-02,-1.336005922178161442e-01
2.210526315789473450e+00,3.164736842105263293e+00,8.427734525264530818e-01,8.425016936179637872e-01,8.422303334162291044e-01,5.669546532994470395e-02,-1.481031962443400130e-01
2.210526315789473450e+00,3.690526315789473877e+00,8.350568017152119049e-01,8.347341518086816015e-01,8.344117514266492508e-01,5.922176615896118657e-02,-1.618247329430046733e-01
2.210526315789473450e+00,4.216315789473684461e+00,8.282588006842779293e-01,8.278885574367885747e-01,8.275187809788969728e-01,6.097468851816969376e-02,-1.749656970026865210e-01
2.210526315789473450e+00,4.742105263157895045e+00,8.221830648660048979e-01,8.217699870152234132e-01,8.213589064223492109e-01,6.287334983760949070e-02,-1.878861971396245112e-01
2.210526315789473450e+00,5.267894736842105630e+00,8.167353173468979710e-01,8.163063551590971079e-01,8.158923506067822240e-01,6.439223089402035249e-02,-2.006312215682994060e-01
2.210526315789473450e+00,5.793684210526316214e+00,8.118568107255151878e-01,8.114684081363344736e-01,8.111290673381562621e-01,6.600267082813300601e-02,-2.135508259179277335e-01
2.210526315789473450e+00,6.319473684210526798e+00,8.074915631307398867e-01,8.071668319675521230e-01,8.068928493223226361e-01,6.737515134800513283e-02,-2.267450875641714159e-01
2.210526315789473450e+00,6.845263157894737382e+00,8.035668663059455374e-01,8.032921428888012416e-01,8.030553351348047597e-01,6.865417918580214718e-02,-2.405063561640981840e-01
2.210526315789473450e+00,7.371052631578947967e+00,8.000005364306534972e-01,7.997603898471842276e-01,7.995467156882455351e-01,6.992644543777741528e-02,-2.552296922297243587e-01
2.210526315789473450e+00,7.896842105263158551e+00,7.967415384028536662e-01,7.965239575501380509e-01,7.963248037014540870e-01,7.120253281227235942e-02,-2.713550471527002017e-01
2.210526315789473450e+00,8.422631578947369135e+00,7.937537596589715472e-01,7.935499401780655715e-01,7.933593672845508094e-01,7.241312943394706547e-02,-2.893779654741099328e-01
2.210526315789473450e+00,8.948421052631578831e+00,7.909915682636006196e-01,7.907768210209130677e-01,7.905621904455945037e-01,7.366399407010282285e-02,-3.101477340369871438e-01
2.210526315789473450e+00,9.474210526315790304e+00,7.883280522269178192e-01,7.880262761024442453e-01,7.877247311981742106e-01,7.493711667061918325e-02,-3.346707420312611814e-01
2.210526315789473450e+00,1.000000000000000000e+01,7.857742273186018034e-01,7.853576981498330278e-01,7.849416110443648842e-01,8.050526274339542265e-02,-3.643742454682079024e-01
2.526315789473684070e+00,1.000000000000000021e-02,7.958440525800259957e-01,7.342276820096397261e-01,6.847931304178822565e-01,3.148769405225296247e-02,-3.860909858070769585e-01
2.526315789473684070e+00,5.357894736842105932e-01,9.400960777785133393e-01,9.398920670686496948e-01,9.396904493938117442e-01,1.886441685238604907e-02,-6.235959037425192059e-02
2.526315789473684070e+00,1.061578947368421177e+00,9.199533170533299442e-01,9.197394053484603260e-01,9.195320225671214098e-01,2.890831574043848870e-02,-7.125530461209091115e-02
2.526315789473684070e+00,1.587368421052631762e+00,9.054841561409462392e-01,9.052597893537693841e-01,9.050479775903373936e-01,3.474712435926975013e-02,-7.928041517109810088e-02
2.526315789473684070e+00,2.113157894736842124e+00,8.938628269054763598e-01,8.936266653227380452e-01,8.934112417479745938e-01,3.940814730338763200e-02,-8.186286629078533272e-02
2.526315789473684070e+00,2.638947368421052708e+00,8.846539918128305535e-01,8.841984265183991942e-01,8.838675031059523013e-01,4.290664862473075186e-02,-9.082225805953580977e-02
2.526315789473684070e+00,3.164736842105263293e+00,8.768700959495437930e-01,8.764939671872052918e-01,8.761225175041070790e-01,4.579358405653307512e-02,-9.939566883168859945e-02
2.526315789473684070e+00,3.690526315789473877e+00,8.700189413071680589e-01,8.697061119080088387e-01,8.693960412004569926e-01,4.826731076546026539e-02,-1.077193556078267361e-01
2.526315789473684070e+00,4.216315789473684461e+00,8.639479772418224846e-01,8.636808878431557757e-01,8.634155025588245991e-01,5.031434304921546946e-02,-1.156646750553347175e-01
2.526315789473684070e+00,4.742105263157895045e+00,8.584715933611414274e-01,8.582307745869505178e-01,8.579909971402553959e-01,5.211241629936356340e-02,-1.233168196806563449e-01
2.526315789473684070e+00,5.267894736842105630e+00,8.534323903628906471e-01,8.531978306784916422e-01,8.529638834478635578e-01,5.376117175014649002e-02,-1.307827427648765306e-01
2.526315789473684070e+00,5.793684210526316214e+00,8.488196370849973027e-01,8.485752817555255456e-01,8.483315401161189984e-01,5.524222779119428856e-02,-1.379563876623627616e-01
2.526315789473684070e+00,6.319473684210526798e+00,8.445414507944762894e-01,8.442771899963620319e-01,8.440132868068163097e-01,5.660963994342502886e-02,-1.449366438872475293e-01
2.526315789473684070e+00,6.845263157894737382e+00,8.405573072852009497e-01,8.402681070485211734e-01,8.399792130109875465e-01,5.801903866615115701e-02,-1.517659353674521427e-01
2.526315789473684070e+00,7.371052631578947967e+00,8.368329281723346780e-01,8.365178202942793462e-01,8.362029499018430734e-01,5.912953507647209644e-02,-1.584104739272748918e-01
2.526315789473684070e+00,7.896842105263158551e+00,8.333379224380221828e-01,8.329977459711946919e-01,8.326579051919495988e-01,5.985387249219955436e-02,-1.648787756404951621e-01
2.526315789473684070e+00,8.422631578947369135e+00,8.300267729289383389e-01,8.296617714534497701e-01,8.292971530431308969e-01,6.094789784773361335e-02,-1.713434936950431198e-01
2.526315789473684070e+00,8.948421052631578831e+00,8.269296270857227071e-01,8.265405433747116115e-01,8.261520952740362134e-01,6.176501386075097105e-02,-1.776321955483417259e-01
2.526315789473684070e+00,9.474210526315790304e+00,8.239899376536973241e-01,8.235780248766068068e-01,8.231673392660819877e-01,6.254832940154468612e-02,-1.838759510031583444e-01
2.526315789473684070e+00,1.000000000000000000e+01,8.211835092535643144e-01,8.207526330004616399e-01,8.203249168603696795e-01,6.339099203649162240e-02,-1.901243312850533773e-01
2.842105263157894690e+00,1.000000000000000021e-02,7.131203687493349319e-01,6.693170337782193835e-01,6.318897533305173342e-01,2.037714799977995497e-02,-3.859383842035840062e-01
2.842105263157894690e+00,5.357894736842105932e-01,9.572333441544267352e-01,9.570256153513541086e-01,9.568189755933311780e-01,1.192310332253201759e-02,-4.844647414167599364e-02
2.842105263157894690e+00,1.061578947368421177e+00,9.413219955079984436e-01,9.411172769788632708e-01,9.409148856323440446e-01,1.796739928692814639e-02,-5.956858524761122348e-02
2.842105263157894690e+00,1.587368421052631762e+00,9.302848852180387595e-01,9.300754164185077721e-01,9.298700550886400684e-01,2.397175387478845190e-02,-6.253284535947360723e-02
2.842105263157894690e+00,2.113157894736842124e+00,9.212186624850747796e-01,9.210055144337990773e-01,9.207985351445784339e-01,2.815237807351866905e-02,-6.896930913249420259e-02
2.842105263157894690e+00,2.638947368421052708e+00,9.135502096683579820e-01,9.133325628162088927e-01,9.131235990753358012e-01,3.153733558058020164e-02,-7.329640028146981734e-02
2.842105263157894690e+00,3.164736842105263293e+00,9.067203734722827368e-01,9.064988210496754961e-01,9.062886498780385880e-01,3.448334748810623351e-02,-7.322231169173323839e-02
2.842105263157894690e+00,3.690526315789473877e+00,9.007277886111113574e-01,9.005007095061138278e-01,9.002884648215458974e-01,3.691602105968010833e-02,-7.578144482905253831e-02
2.842105263157894690e+00,4.216315789473684461e+00,8.953265945689096172e-01,8.950929823403829255e-01,8.948784438567471966e-01,3.911315055490013209e-02,-8.025501607116329594e-02
2.842105263157894690e+00,4.742105263157895045e+00,8.904668171933692866e-01,8.901486880355360398e-01,8.899317768286304497e-01,4.096867369306327056e-02,-8.467832145870136940e-02
2.842105263157894690e+00,5.267894736842105630e+00,8.861348326693526678e-01,8.856601769164166305e-01,8.854011476920634616e-01,4.257861736982907624e-02,-8.898390703443714855e-02
2.842105263157894690e+00,5.793684210526316214e+00,8.821294305525967383e-01,8.816970404944647344e-01,8.812708260190396103e-01,4.416180085810231942e-02,-9.321258649551879272e-02
2.842105263157894690e+00,6.319473684210526798e+00,8.784006550420763171e-01,8.780067219512005527e-01,8.776176700344947568e-01,4.551920671625381970e-02,-9.735587585459117010e-02
2.842105263157894690e+00,6.845263157894737382e+00,8.748744520369530209e-01,8.745151181322085021e-01,8.741595958770741470e-01,4.684410835556362951e-02,-1.014962886267247316e-01
2.842105263157894690e+00,7.371052631578947967e+00,8.715930263635183195e-01,8.712645016046344226e-01,8.709391414543391496e-01,4.797716312063613625e-02,-1.054854382364802806e-01
2.842105263157894690e+00,7.896842105263158551e+00,8.684901181801650827e-01,8.681885419832692241e-01,8.678893717046526346e-01,4.905651264403545347e-02,-1.094154868997678637e-01
2.842105263157894690e+00,8.422631578947369135e+00,8.655574861387161922e-01,8.652786301985363471e-01,8.650016523866553841e-01,5.007270023310434609e-02,-1.132659850012248809e-01
2.842105263157894690e+00,8.948421052631578831e+00,8.627749083220647153e-01,8.625142670810314049e-01,8.622551074498733259e-01,5.097671973892645841e-02,-1.170344381676396567e-01
2.842105263157894690e+00,9.474210526315790304e+00,8.601159262776681969e-01,8.598688193219466980e-01,8.596227063532172474e-01,5.183678348585966239e-02,-1.207496510571057086e-01
2.842105263157894690e+00,1.000000000000000000e+01,8.575389466321619025e-01,8.573001487876138471e-01,8.570622695884394515e-01,5.273355012338479947e-02,-1.244790271786151287e-01
3.157894736842105310e+00,1.000000000000000021e-02,7.342309662019942396e-01,6.855243769563087453e-01,6.463193583881624571e-01,2.671842924315101508e-02,-3.456655485392283178e-01
3.157894736842105310e+00,5.357894736842105932e-01,9.694695305561443766e-01,9.692601998188242751e-01,9.690513525929326244e-01,5.737171917419373220e-03,-4.615667962004357111e-02
3.157894736842105310e+00,1.061578947368421177e+00,9.580280465189807693e-01,9.578207825204945181e-01,9.576145552865794608e-01,1.137692810852246501e-02,-4.810420539728397366e-02
3.157894736842105310e+00,1.587368421052631762e+00,9.495032568781262006e-01,9.492968172164210072e-01,9.490920283625333687e-01,1.483065542954361236e-02,-5.021411784478588269e-02
3.157894736842105310e+00,2.113157894736842124e+00,9.425430765921728460e-01,9.423364036915659048e-01,9.421320558449709504e-01,1.743163159563200851e-02,-5.361128443645119673e-02
3.157894736842105310e+00,2.638947368421052708e+00,9.365923319833066030e-01,9.363847733678904994e-01,9.361802856907552872e-01,2.059611446270068202e-02,-5.828254570262778045e-02
3.157894736842105310e+00,3.164736842105263293e+00,9.312420197324868809e-01,9.310341145766006798e-01,9.308300210329579771e-01,2.340087264806301956e-02,-6.274222951448021890e-02
3.157894736842105310e+00,3.690526315789473877e+00,9.266536367709371502e-01,9.264431844542473371e-01,9.262375441730000825e-01,2.549103254905558599e-02,-6.476386212973804513e-02
3.157894736842105310e+00,4.216315789473684461e+00,9.223791500050420034e-01,9.221668254280986909e-01,9.219603298630930643e-01,2.763940808885933034e-02,-6.744863283116789288e-02
3.157894736842105310e+00,4.742105263157895045e+00,9.184323366771299790e-01,9.182180555144562328e-01,9.180107067504231777e-01,2.943228672846746538e-02,-6.889910474471599988e-02
3.157894736842105310e+00,5.267894736842105630e+00,9.147547241623875669e-01,9.145384347401946945e-01,9.143302635456681537e-01,3.105150929492503029e-02,-7.057604028634430204e-02
3.157894736842105310e+00,5.793684210526316214e+00,9.112677111968827681e-01,9.110496942774396478e-01,9.108409896358796720e-01,3.268650847557545702e-02,-7.006712140024928814e-02
3.157894736842105310e+00,6.319473684210526798e+00,9.080425568413090787e-01,9.078221726010250459e-01,9.076125041204692323e-01,3.404592154787525887e-02,-7.005336434520330335e-02
3.157894736842105310e+00,6.845263157894737382e+00,9.049772728187382986e-01,9.047545554975413573e-01,9.045440306839251932e-01,3.530873725948918684e-02,-7.226203903407867057e-02
3.157894736842105310e+00,7.371052631578947967e+00,9.020901843473541071e-01,9.018647885999504510e-01,9.016532439929189069e-01,3.665864095933576983e-02,-7.447055535322567865e-02
3.157894736842105310e+00,7.896842105263158551e+00,8.993489022693669233e-01,8.991206009624524986e-01,8.989079777343494948e-01,3.770384632029397109e-02,-7.664840292282129597e-02
3.157894736842105310e+00,8.422631578947369135e+00,8.967150513784906130e-01,8.964838624519918531e-01,8.962702784007020584e-01,3.878943256552683932e-02,-7.885186034943865441e-02
3.157894736842105310e+00,8.948421052631578831e+00,8.942222686494987194e-01,8.939876788908814875e-01,8.937729232570065241e-01,3.968366407256852801e-02,-8.099597304575477386e-02
3.157894736842105310e+00,9.474210526315790304e+00,8.918595329757551537e-01,8.915969698687570277e-01,8.913810102189877460e-01,4.056759328099994455e-02,-8.311801070753152554e-02
3.157894736842105310e+00,1.000000000000000000e+01,8.896624130088688354e-01,8.893008256429189018e-01,8.890836470822739424e-01,4.145261445878652834e-02,-8.523478623077307414e-02
3.473684210526315486e+00,1.000000000000000021e-02,7.783600191966080217e-01,7.382234238035710883e-01,7.028159441545671626e-01,2.766671753834327920e-03,-3.218748071442269487e-01
3.473684210526315486e+00,5.357894736842105932e-01,8.458010658822842087e-01,8.314026646718343239e-01,8.175127575316039064e-01,2.317812943664680509e-03,-2.452391898281564842e-01
3.473684210526315486e+00,1.061578947368421177e+00,9.700391480005062794e-01,9.698303883390320124e-01,9.696220930738358446e-01,5.258765861147645694e-03,-4.595809703584851497e-02
3.473684210526315486e+00,1.587368421052631762e+00,9.638311621235963189e-01,9.636238686042873924e-01,9.634172925740372984e-01,8.539127422945415324e-03,-4.697371170716929667e-02
3.473684210526315486e+00,2.113157894736842124e+00,9.587277471328413680e-01,9.585208769521066374e-01,9.583149988110343243e-01,1.074951629454902295e-02,-4.783566582112915716e-02
3.473684210526315486e+00,2.638947368421052708e+00,9.543089363359672506e-01,9.541022065777745587e-01,9.538967616272345795e-01,1.255806700525107129e-02,-4.871713615486503862e-02
3.473684210526315486e+00,3.164736842105263293e+00,9.502944999387823444e-01,9.500885526547123705e-01,9.498841798331522090e-01,1.428486127961338392e-02,-4.984213509319506547e-02
3.473684210526315486e+00,3.690526315789473877e+00,9.467329161356624612e-01,9.465267032597877161e-01,9.463223856391081990e-01,1.570781070774358162e-02,-5.081839727574397753e-02
3.473684210526315486e+00,4.216315789473684461e+00,9.434078173132315337e-01,9.432017522947663268e-01,9.429978975022018650e-01,1.721058899813319304e-02,-5.376191398015739420e-02
3.473684210526315486e+00,4.742105263157895045e+00,9.403490502789048078e-01,9.401427662512240602e-01,9.399390284000451734e-01,1.831183080393836843e-02,-5.547817603306800377e-02
3.473684210526315486e+00,5.267894736842105630e+00,9.375137784237015381e-01,9.373069873369429539e-01,9.371031031255802057e-01,1.989186369755389233e-02,-5.727788110249440456e-02
3.473684210526315486e+00,5.793684210526316214e+00,9.348307765340045927e-01,9.346235745126943995e-01,9.344196449773223279e-01,2.142162360633190557e-02,-5.955517112237702221e-02
3.473684210526315486e+00,6.319473684210526798e+00,9.323040648136733388e-01,9.320963148208315507e-01,9.318922234595309328e-01,2.278347734256567711e-02,-6.122174064518043357e-02
3.473684210526315486e+00,6.845263157894737382e+00,9.299685765189661391e-01,9.297597056771577106e-01,9.295549454744987949e-01,2.374586443045502773e-02,-6.223435797497824801e-02
3.473684210526315486e+00,7.371052631578947967e+00,9.277218665404364240e-01,9.275120512487625701e-01,9.273068035848742729e-01,2.499535816287829296e-02,-6.384648906021639370e-02
3.473684210526315486e+00,7.896842105263158551e+00,9.255347637546461614e-01,9.253243119420698770e-01,9.251188663861563688e-01,2.606507353206803657e-02,-6.473286321172010138e-02
3.473684210526315486e+00,8.422631578947369135e+00,9.234707735039441312e-01,9.232593833921423077e-01,9.230534896031722392e-01,2.701806809678443042e-02,-6.584537170510360027e-02
3.473684210526315486e+00,8.948421052631578831e+00,9.214949292748108034e-01,9.212825167569893559e-01,9.210761203713552225e-01,2.797108243877544434e-02,-6.672896842346072444e-02
3.473684210526315486e+00,9.474210526315790304e+00,9.195886123588197236e-01,9.193751896891398934e-01,9.191683207950819279e-01,2.888259707802505113e-02,-6.731436945380556147e-02
3.473684210526315486e+00,1.000000000000000000e+01,9.177371520257159299e-01,9.175228055657279613e-01,9.173155541459042661e-01,2.973697912938474616e-02,-6.796882078308952302e-02
3.789473684210526105e+00,1.000000000000000021e-02,7.695723347308128792e-01,7.228075311371844336e-01,6.827594179680162023e-01,4.142955555535682809e-03,-3.131780517485129867e-01
3.789473684210526105e+00,5.357894736842105932e-01,8.178527750710350430e-01,7.540040123465968636e-01,7.029374500624919753e-01,1.050602628033065963e-03,-2.496341655922676706e-01
3.789473684210526105e+00,1.061578947368421177e+00,8.593915268621206138e-01,8.481629558161701832e-01,8.372360149547631858e-01,1.902822950440295020e-03,-2.483670437438795231e-01
3.789473684210526105e+00,1.587368421052631762e+00,9.742565398571024771e-01,9.740470984056485149e-01,9.738379927265992109e-01,2.873182259924647510e-03,-4.525119477653984784e-02
3.789473684210526105e+00,2.113157894736842124e+00,9.705230927156712761e-01,9.703151175505978498e-01,9.701075906401633864e-01,4.784603834307596219e-03,-4.580126509951312069e-02
3.789473684210526105e+00,2.638947368421052708e+00,9.672965318474492369e-01,9.670892008849502064e-01,9.668824359189626128e-01,6.553886081290411121e-03,-4.633116105262669732e-02
3.789473684210526105e+00,3.164736842105263293e+00,9.644179527306305788e-01,9.642109812038640593e-01,9.640046993033416500e-01,7.849047743325898718e-03,-4.679884854053877746e-02
3.789473684210526105e+00,3.690526315789473877e+00,9.617941258343556399e-01,9.615874425318273744e-01,9.613815772471343557e-01,9.060026219304037273e-03,-4.721439968175548257e-02
3.789473684210526105e+00,4.216315789473684461e+00,9.593862381902389380e-01,9.591796066176040414e-01,9.589739272335315867e-01,1.011408474018859679e-02,-4.762241948114601803e-02
3.789473684210526105e+00,4.742105263157895045e+00,9.571327068026308504e-01,9.569262141895116258e-01,9.567208109836536911e-01,1.108529004561533381e-02,-4.803897748900598508e-02
3.789473684210526105e+00,5.267894736842105630e+00,9.550005819678709651e-01,9.547943683052744213e-01,9.545893825448966696e-01,1.206545087637138879e-02,-4.848880312325539593e-02
3.789473684210526105e+00,5.793684210526316214e+00,9.529551554083327547e-01,9.527495005481156909e-01,9.525452080057185134e-01,1.293290727646336478e-02,-4.905001989591865202e-02
3.789473684210526105e+00,6.319473684210526798e+00,9.510536558090776360e-01,9.508480606221705322e-01,9.506439719703746460e-01,1.373819579148015217e-02,-4.953574080361162341e-02
3.789473684210526105e+00,6.845263157894737382e+00,9.492571904225745039e-01,9.490514683443628252e-01,9.488474039985165254e-01,1.449078458492369069e-02,-4.999551693801836810e-02
3.789473684210526105e+00,7.371052631578947967e+00,9.475311109020377875e-01,9.473253309736801020e-01,9.471213605958314075e-01,1.530772974012864322e-02,-5.048914887869741103e-02
3.789473684210526105e+00,7.896842105263158551e+00,9.458767327310320105e-01,9.456708651089419382e-01,9.454669622981329846e-01,1.607247858468268883e-02,-5.096807977295211151e-02
3.789473684210526105e+00,8.422631578947369135e+00,9.442631989069202314e-01,9.440574424135929066e-01,9.438538004132257520e-01,1.671303836690525568e-02,-5.254339490369213522e-02
3.789473684210526105e+00,8.948421052631578831e+00,9.427547312764564813e-01,9.425486281344187534e-01,9.423448094704071076e-01,1.733409730873639032e-02,-5.331881483560099722e-02
3.789473684210526105e+00,9.474210526315790304e+00,9.412381369830140621e-01,9.410322302722405885e-01,9.408287554084728832e-01,1.779690153065143290e-02,-5.477069566266590944e-02
3.789473684210526105e+00,1.000000000000000000e+01,9.398374845073226291e-01,9.396311508337719109e-01,9.394274289743934636e-01,1.843677139984041188e-02,-5.539931992310292985e-02
4.105263157894736281e+00,1.000000000000000021e-02,7.976031033251090863e-01,7.536196392851081116e-01,7.152484672118925024e-01,4.328075739221133762e-03,-2.971200540153098313e-01
4.105263157894736281e+00,5.357894736842105932e-01,8.182584912407694366e-01,7.545433500402068949e-01,7.035285523000016639e-01,8.510917717600817315e-04,-2.557249545778688682e-01
4.105263157894736281e+00,1.061578947368421177e+00,8.176870772071597182e-01,7.778056858553464847e-01,7.565165053144898843e-01,7.779221612707695353e-04,-2.450563922639880376e-01
4.105263157894736281e+00,1.587368421052631762e+00,8.613110727704436087e-01,8.508690055327866597e-01,8.406866668092201067e-01,1.227031779329054153e-03,-2.427303943895974536e-01
4.105263157894736281e+00,2.113157894736842124e+00,8.592100028539834122e-01,8.462722621828620007e-01,8.337368531312711051e-01,1.453872354050780814e-03,-2.453554981272733360e-01
4.105263157894736281e+00,2.638947368421052708e+00,9.767609195010672485e-01,9.765511178787079638e-01,9.763415908874512050e-01,2.012683464701645140e-03,-4.480734101594346236e-02
4.105263157894736281e+00,3.164736842105263293e+00,9.746868854869882304e-01,9.744776217887136660e-01,9.742686832400825336e-01,2.608397159908243477e-03,-4.511130769826349196e-02
4.105263157894736281e+00,3.690526315789473877e+00,9.727865109294596691e-01,9.725778075925169963e-01,9.723694821565459501e-01,3.231704604520750038e-03,-4.534892904869641805e-02
4.105263157894736281e+00,4.216315789473684461e+00,9.710072591360937588e-01,9.707993919291540985e-01,9.705919575088332030e-01,4.333871704312599986e-03,-4.566185603755088668e-02
4.105263157894736281e+00,4.742105263157895045e+00,9.693505391781340741e-01,9.691432952909261322e-01,9.689365399730563988e-01,5.265408719234583416e-03,-4.593492879124898981e-02
4.105263157894736281e+00,5.267894736842105630e+00,9.678203887016874063e-01,9.676132336119479538e-01,9.674066243374132013e-01,5.928114396835108130e-03,-4.618343464347849509e-02
4.105263157894736281e+00,5.793684210526316214e+00,9.663596819907370739e-01,9.661527970365928475e-01,9.659465162070559607e-01,6.619890633325107437e-03,-4.641393365301160756e-02
4.105263157894736281e+00,6.319473684210526798e+00,9.649732238133873485e-01,9.647665402241166754e-01,9.645605203703274677e-01,7.277680933767689819e-03,-4.664592168013661361e-02
4.105263157894736281e+00,6.845263157894737382e+00,9.636588404127685026e-01,9.634522071029071322e-01,9.632462985791584442e-01,7.909301002603875974e-03,-4.684719798475770608e-02
4.105263157894736281e+00,7.371052631578947967e+00,9.623953276464286555e-01,9.621887946812992531e-01,9.619830487038441014e-01,8.513383689206413529e-03,-4.705223395500779393e-02
4.105263157894736281e+00,7.896842105263158551e+00,9.611868345636841449e-01,9.609803178722211570e-01,9.607746519757075498e-01,9.019107661749665647e-03,-4.724423898915877662e-02
4.105263157894736281e+00,8.422631578947369135e+00,9.600128518446447989e-01,9.598064689171897923e-01,9.596010006301726181e-01,9.555007863623340286e-03,-4.744548114752201312e-02
4.105263157894736281e+00,8.948421052631578831e+00,9.588848829613517699e-01,9.586785536337409930e-01,9.584732042044025180e-01,1.009000376841441733e-02,-4.764742999945011798e-02
4.105263157894736281e+00,9.474210526315790304e+00,9.577880136796684818e-01,9.575817964140463934e-01,9.573766246319120876e-01,1.062007483043391799e-02,-4.784769802520536658e-02
4.105263157894736281e+00,1.000000000000000000e+01,9.567230817823481059e-01,9.565169862993987415e-01,9.563120023732173403e-01,1.110410739529590039e-02,-4.806671123830388165e-02
4.421052631578946901e+00,1.000000000000000021e-02,8.261764856107222110e-01,7.674273949489228697e-01,7.214146498682457720e-01,3.032286215714000838e-03,-2.808732141470366983e-01
4.421052631578946901e+00,5.357894736842105932e-01,8.006041595572920277e-01,7.497379456470297798e-01,7.069639352869420135e-01,1.394039914360160849e-03,-2.619982261336663010e-01
4.421052631578946901e+00,1.061578947368421177e+00,8.172627718239103833e-01,7.536523437607653975e-01,7.027136147873692673e-01,5.558874151024924444e-04,-2.529310202189672951e-01
4.421052631578946901e+00,1.587368421052631762e+00,8.160735979314868160e-01,7.523141874227289305e-01,7.127313476342541643e-01,4.818877140990314423e-04,-2.484861543013734408e-01
4.421052631578946901e+00,2.113157894736842124e+00,8.178407033573756868e-01,7.958435785483501945e-01,7.751036510437886440e-01,5.458836794174994110e-04,-2.429202881355588539e-01
4.421052631578946901e+00,2.638947368421052708e+00,8.340249491306398477e-01,8.117377802908992690e-01,7.907155761168634944e-01,7.785643116330889443e-04,-2.406729340081230906e-01
4.421052631578946901e+00,3.164736842105263293e+00,8.545241651726790399e-01,8.401268847246953220e-01,8.262326254003182768e-01,9.062358962810037602e-04,-2.447792093987504469e-01
4.421052631578946901e+00,3.690526315789473877e+00,8.680050410151390894e-01,8.583285827916292687e-01,8.488729672190494790e-01,9.329726946281555709e-04,-2.443314039043658903e-01
4.421052631578946901e+00,4.216315789473684461e+00,8.719801296826136250e-01,8.630765821290617978e-01,8.543587730192395702e-01,1.231884951419635497e-03,-2.430506223002349697e-01
4.421052631578946901e+00,4.742105263157895045e+00,9.782413889706006449e-01,9.780314975449075909e-01,9.778218495144536115e-01,1.504791140053355096e-03,-4.614182140559961592e-02
4.421052631578946901e+00,5.267894736842105630e+00,9.771344188905114470e-01,9.769248639568867132e-01,9.767155759215886413e-01,1.813339791270021260e-03,-4.469803304887762924e-02
4.421052631578946901e+00,5.793684210526316214e+00,9.760850138856168590e-01,9.758757755281628476e-01,9.756668281040205004e-01,2.091797056962216034e-03,-4.487298765074513446e-02
4.421052631578946901e+00,6.319473684210526798e+00,9.750932218164352072e-01,9.748841183717701364e-01,9.746753301856204699e-01,2.373776562900210569e-03,-4.499111337992293264e-02
4.421052631578946901e+00,6.845263157894737382e+00,9.741324875170912501e-01,9.739237647681382448e-01,9.737153825311931632e-01,2.650642228503256610e-03,-4.510548711047870224e-02
4.421052631578946901e+00,7.371052631578947967e+00,9.732073389058234492e-01,9.729990304156470593e-01,9.727910880980120689e-01,2.943484578134575053e-03,-4.524688556456093330e-02
4.421052631578946901e+00,7.896842105263158551e+00,9.723303046974853814e-01,9.721221335764796967e-01,9.719143543302902755e-01,3.310889330174733493e-03,-4.539686481280164748e-02
4.421052631578946901e+00,8.422631578947369135e+00,9.714687712509227913e-01,9.712610056298917049e-01,9.710536583162889812e-01,3.729285768665155983e-03,-4.555780375345660355e-02
4.421052631578946901e+00,8.948421052631578831e+00,9.706220428543058665e-01,9.704148948589398360e-01,9.702081919621526884e-01,4.292880676921729394e-03,-4.566291269464695796e-02
4.421052631578946901e+00,9.474210526315790304e+00,9.698305458878860863e-01,9.696234890678203655e-01,9.694169040805556969e-01,4.682906340809499246e-03,-4.580327091789073574e-02
4.421052631578946901e+00,1.000000000000000000e+01,9.690657756837350867e-01,9.688587581542403848e-01,9.686522396211247887e-01,5.045637066773641689e-03,-4.593124393832036939e-02
4.736842105263157521e+00,1.000000000000000021e-02,8.050239395737376347e-01,7.426863399489630480e-01,6.951594114814202419e-01,3.478107014384607468e-03,-2.758561996606631039e-01
4.736842105263157521e+00,5.357894736842105932e-01,8.076060144420630360e-01,7.445158580656907610e-01,6.966734452728687854e-01,1.711982767985943850e-03,-2.594499500464026442e-01
4.736842105263157521e+00,1.061578947368421177e+00,8.068931974226560833e-01,7.433553728973943953e-01,6.926888929033108155e-01,4.741510230819196976e-04,-2.588205358626535779e-01
4.736842105263157521e+00,1.587368421052631762e+00,8.199959548604267567e-01,7.562448288069839597e-01,7.051728764880773603e-01,3.966108519916766305e-04,-2.536599155225490176e-01
4.736842105263157521e+00,2.113157894736842124e+00,8.170021510213909544e-01,7.533912841029085650e-01,7.077168581144447357e-01,3.046749560723994760e-04,-2.506764267699780335e-01
4.736842105263157521e+00,2.638947368421052708e+00,8.171688826515018933e-01,7.534505854890282128e-01,7.159480744635992044e-01,2.710054453529074907e-04,-2.485194065731694268e-01
4.736842105263157521e+00,3.164736842105263293e+00,8.187824659768696556e-01,7.762974640729128906e-01,7.547771493984759550e-01,2.800864892375198281e-04,-2.448065498925913464e-01
4.736842105263157521e+00,3.690526315789473877e+00,8.232314513661700417e-01,8.039259891114444168e-01,7.855742645094944132e-01,3.117676100803771794e-04,-2.429222832293787271e-01
4.736842105263157521e+00,4.216315789473684461e+00,8.395956896473654174e-01,8.213555219199242252e-01,8.039466346283682396e-01,3.676601365716918490e-04,-2.411488947958268791e-01
4.736842105263157521e+00,4.742105263157895045e+00,8.517670392689532521e-01,8.354471870276879431e-01,8.197792745826819605e-01,4.942622044204242511e-04,-2.400480646989785194e-01
4.736842105263157521e+00,5.267894736842105630e+00,8.410341133786599643e-01,8.191500099050740280e-01,7.984732152455995546e-01,5.853976027603041048e-04,-2.398856375000014696e-01
4.736842105263157521e+00,5.793684210526316214e+00,8.539974801852240338e-01,8.383424128385049690e-01,8.232845216378784636e-01,6.863816149376278505e-04,-2.427953673443698779e-01
4.736842105263157521e+00,6.319473684210526798e+00,8.529470974959215690e-01,8.356905563943538562e-01,8.191637860631676427e-01,7.139952548115632716e-04,-2.430499466527811514e-01
4.736842105263157521e+00,6.845263157894737382e+00,8.697253850562433053e-01,8.596908811620309621e-01,8.498935988643436801e-01,6.181897041728618390e-04,-2.428699246591025374e-01
4.736842105263157521e+00,7.371052631578947967e+00,8.732817220465700636e-01,8.638725849089023967e-01,8.546708254407701100e-01,7.743672720952823755e-04,-2.433746856225697253e-01
4.736842105263157521e+00,7.896842105263158551e+00,8.740567651648131209e-01,8.624476646991182660e-01,8.511557284983922722e-01,9.096657445550911233e-04,-2.420303760622978251e-01
4.736842105263157521e+00,8.422631578947369135e+00,8.762874696066830227e-01,8.672815917293275056e-01,8.584648396320114783e-01,1.042742589151793254e-03,-2.414753587845297478e-01
4.736842105263157521e+00,8.948421052631578831e+00,8.886588111270539159e-01,8.813630483496280865e-01,8.741891318685457435e-01,1.176447182356162675e-03,-2.394740547209933679e-01
4.736842105263157521e+00,9.474210526315790304e+00,9.785943841240634100e-01,9.783844664069277774e-01,9.781747853623118383e-01,1.313837898017866006e-03,-4.414551594204965679e-02
4.736842105263157521e+00,1.000000000000000000e+01,9.780387750997053820e-01,9.778290962267108810e-01,9.776196652735994475e-01,1.479932987487207448e-03,-4.454296831939971030e-02
5.052631578947368141e+00,1.000000000000000021e-02,8.057326651227542103e-01,7.488614472006097644e-01,7.018885413195355971e-01,4.193642173790479433e-03,-2.778088773861870919e-01
5.052631578947368141e+00,5.357894736842105932e-01,8.158503390080061868e-01,7.537725358834110878e-01,7.067475495826517351e-01,4.816590302201019351e-03,-2.612178677193943699e-01
5.052631578947368141e+00,1.061578947368421177e+00,8.103010705757459631e-01,7.478188420878523202e-01,6.997374929454016623e-01,3.613176843880959530e-03,-2.589166771416269719e-01
5.052631578947368141e+00,1.587368421052631762e+00,8.081060031116719111e-01,7.445777001411041374e-01,6.939030460141589751e-01,6.494255009633001638e-04,-2.595297079263385043e-01
5.052631578947368141e+00,2.113157894736842124e+00,8.169973397542337201e-01,7.548180029054716300e-01,7.046366967686701344e-01,1.756146448862678025e-04,-2.557104549234803237e-01
5.052631578947368141e+00,2.638947368421052708e+00,8.200854506654430276e-01,7.562851414071317668e-01,7.051858398948268603e-01,1.409268437823990529e-04,-2.535512289972822741e-01
5.052631578947368141e+00,3.164736842105263293e+00,8.185415919486750402e-01,7.549290163263586706e-01,7.039711575700743351e-01,1.636265748331855224e-04,-2.520637806456038632e-01
5.052631578947368141e+00,3.690526315789473877e+00,8.183152004465306106e-01,7.546880608620880615e-01,7.161013239154850885e-01,1.297495344917863277e-04,-2.503322886014531234e-01
5.052631578947368141e+00,4.216315789473684461e+00,8.208990693608675393e-01,7.571860749076714248e-01,7.188160884000426298e-01,1.206827384920774478e-04,-2.474393372239319933e-01
5.052631578947368141e+00,4.742105263157895045e+00,8.153750678397780893e-01,7.517327950004775161e-01,7.149614964182178234e-01,1.058716592773079339e-04,-2.495238433120917365e-01
5.052631578947368141e+00,5.267894736842105630e+00,8.198608669080527100e-01,7.588525130969515642e-01,7.341866419861492465e-01,9.280463698637963263e-05,-2.467734881359018306e-01
5.052631578947368141e+00,5.793684210526316214e+00,8.191590545325756478e-01,7.824056324335223467e-01,7.617925028716440172e-01,8.891077454849210377e-05,-2.446643479906865648e-01
5.052631578947368141e+00,6.319473684210526798e+00,8.179621578033341445e-01,7.943974475148493086e-01,7.750349932273267184e-01,1.200732563867428507e-04,-2.435512636242986029e-01
5.052631578947368141e+00,6.845263157894737382e+00,8.175033819927874923e-01,7.802031950475671884e-01,7.577391313401036221e-01,1.321301005726439870e-04,-2.431479470423250910e-01
5.052631578947368141e+00,7.371052631578947967e+00,8.280064819951912236e-01,8.069945313156520195e-01,7.871112560648835244e-01,1.603962565112436293e-04,-2.418487769021163691e-01
5.052631578947368141e+00,7.896842105263158551e+00,8.191230633638678649e-01,7.951710150659107024e-01,7.727162519646900707e-01,1.939921239979681793e-04,-2.416360809414098421e-01
5.052631578947368141e+00,8.422631578947369135e+00,8.402069483273212347e-01,8.196654723946731336e-01,8.001845667589574385e-01,2.240860178422365812e-04,-2.403696917076189044e-01
5.052631578947368141e+00,8.948421052631578831e+00,8.448975998348505767e-01,8.244123934212493898e-01,8.049755717898920970e-01,2.981281237564580326e-04,-2.400180625301590875e-01
5.052631578947368141e+00,9.474210526315790304e+00,8.404214937071178282e-01,8.193991060302416862e-01,7.994888149366231600e-01,3.368585714343321370e-04,-2.408424426583873623e-01
5.052631578947368141e+00,1.000000000000000000e+01,8.415825967002641406e-01,8.194717612010299357e-01,7.985933647545588876e-01,3.862609804534413403e-04,-2.398598294527811425e-01
5.368421052631578760e+00,1.000000000000000021e-02,8.258286820782361204e-01,7.717827222680705423e-01,7.262590383907467917e-01,4.832408488066601733e-03,-2.734170858759155109e-01
5.368421052631578760e+00,5.357894736842105932e-01,8.176181096836471207e-01,7.566082150313567789e-01,7.070504820875381791e-01,4.705580154006695423e-03,-2.783842103677744428e-01
5.368421052631578760e+00,1.061578947368421177e+00,8.112761095349184659e-01,7.521103180002318700e-01,7.044304376532312117e-01,4.055480774569844224e-03,-2.600879421855796236e-01
5.368421052631578760e+00,1.587368421052631762e+00,8.350276347475795724e-01,7.910009484969416915e-01,7.522996447901136863e-01,1.930458415344691496e-03,-2.574660685240888203e-01
5.368421052631578760e+00,2.113157894736842124e+00,8.081910657117176155e-01,7.516980951773492015e-01,7.097142410652587108e-01,3.102935829554810069e-03,-2.612763214310793169e-01
5.368421052631578760e+00,2.638947368421052708e+00,8.099243187355941176e-01,7.463295787090936662e-01,6.955733585646065587e-01,8.910525011711634136e-04,-2.593348884870377846e-01
5.368421052631578760e+00,3.164736842105263293e+00,8.195918510937816315e-01,7.696676701414028043e-01,7.337264405397613265e-01,5.447383262149614846e-05,-2.547671400891140525e-01
5.368421052631578760e+00,3.690526315789473877e+00,8.187502349980607663e-01,7.567222409248165471e-01,7.136479740211690848e-01,0.000000000000000000e+00,-2.544174760470517827e-01
5.368421052631578760e+00,4.216315789473684461e+00,8.178000828474057959e-01,7.553566506768373268e-01,7.050176370202275722e-01,0.000000000000000000e+00,-2.545137598982800120e-01
5.368421052631578760e+00,4.742105263157895045e+00,8.178157871245966826e-01,7.543760372360440725e-01,7.035132319649969324e-01,0.000000000000000000e+00,-2.527414723728624302e-01
5.368421052631578760e+00,5.267894736842105630e+00,8.194424705050070701e-01,7.568898493648125170e-01,7.224722315824619878e-01,0.000000000000000000e+00,-2.537727658341071835e-01
5.368421052631578760e+00,5.793684210526316214e+00,8.187765906341613054e-01,7.552381646058766718e-01,7.090473765557265828e-01,0.000000000000000000e+00,-2.520266245003960348e-01
5.368421052631578760e+00,6.319473684210526798e+00,8.201920818116591461e-01,7.567099996106311233e-01,7.057731265559455958e-01,0.000000000000000000e+00,-2.499964596296826436e-01
5.368421052631578760e+00,6.845263157894737382e+00,8.204792259336124438e-01,7.569374147565591793e-01,7.059632092825275373e-01,0.000000000000000000e+00,-2.493645204770489066e-01
5.368421052631578760e+00,7.371052631578947967e+00,8.205255379880808109e-01,7.569529568946068432e-01,7.059647541482366728e-01,0.000000000000000000e+00,-2.478345081600679956e-01
5.368421052631578760e+00,7.896842105263158551e+00,8.207162119842075221e-01,7.570583542700610735e-01,7.060187287828623148e-01,0.000000000000000000e+00,-2.474869708564653437e-01
5.368421052631578760e+00,8.422631578947369135e+00,8.208107183303633425e-01,7.570801160966361687e-01,7.060007462226649544e-01,0.000000000000000000e+00,-2.471231508158219514e-01
5.368421052631578760e+00,8.948421052631578831e+00,8.207947450760390007e-01,7.569898911315071643e-01,7.058725094545682532e-01,0.000000000000000000e+00,-2.465888387057678655e-01
5.368421052631578760e+00,9.474210526315790304e+00,8.205486819650561481e-01,7.567118946719725292e-01,7.055835026004210198e-01,0.000000000000000000e+00,-2.466949344563690028e-01
5.368421052631578760e+00,1.000000000000000000e+01,8.198178867223999688e-01,7.811258474771239912e-01,7.616877782295780053e-01,0.000000000000000000e+00,-2.463712596929197585e-01
5.684210526315789380e+00,1.000000000000000021e-02,8.419700784085342171e-01,7.859957887952666589e-01,7.390277803337402807e-01,4.832408488066601733e-03,-2.724290373178862579e-01
5.684210526315789380e+00,5.357894736842105932e-01,8.349638267163514982e-01,7.764438032113676336e-01,7.280138152300459353e-01,1.044266784661714888e-02,-2.763676905683709606e-01
5.684210526315789380e+00,1.061578947368421177e+00,8.092820293535307741e-01,7.688854424494270257e-01,7.330707175517406915e-01,4.659563392326144908e-03,-2.717181453797078983e-01
5.684210526315789380e+00,1.587368421052631762e+00,8.325185122955965911e-01,7.822382888461159034e-01,7.391249628928404647e-01,4.334539966931311161e-03,-2.585022527756799526e-01
5.684210526315789380e+00,2.113157894736842124e+00,8.089726434195675386e-01,7.478910969407249754e-01,7.020365387570676186e-01,3.437315450101033083e-03,-2.585340002444421192e-01
5.684210526315789380e+00,2.638947368421052708e+00,8.809482473253371637e-01,8.528583918529921704e-01,8.266967751200190451e-01,2.191368985161982769e-03,-2.573231154137526344e-01
5.684210526315789380e+00,3.164736842105263293e+00,8.036102752634587398e-01,7.491660643740120085e-01,7.053536322614851750e-01,2.927416451939047776e-03,-2.590449911048388065e-01
5.684210526315789380e+00,3.690526315789473877e+00,8.112505324640034710e-01,7.477374111215425723e-01,6.969937623165667340e-01,2.153880160509682746e-03,-2.610406729572448681e-01
5.684210526315789380e+00,4.216315789473684461e+00,8.051981181595420090e-01,7.417577274935774900e-01,6.942505226794303264e-01,1.828394677737577760e-03,-2.598501314498997683e-01
5.684210526315789380e+00,4.742105263157895045e+00,8.260294042285952765e-01,7.788357014123002964e-01,7.379267523928850769e-01,7.832689780562159280e-04,-2.582921961707978498e-01
5.684210526315789380e+00,5.267894736842105630e+00,8.371733711552469259e-01,8.032600155661236974e-01,7.723771216847424848e-01,1.021160723176216815e-04,-2.524085170903822561e-01
5.684210526315789380e+00,5.793684210526316214e+00,8.154970536234125156e-01,7.540550273980889395e-01,7.049877073180006448e-01,0.000000000000000000e+00,-2.588823811870915037e-01
5.684210526315789380e+00,6.319473684210526798e+00,8.159414721686296668e-01,7.542014831691687959e-01,7.042781483046974822e-01,0.000000000000000000e+00,-2.602583222749514924e-01
5.684210526315789380e+00,6.845263157894737382e+00,8.150829248827712314e-01,7.539768974821875469e-01,7.048061043721675079e-01,0.000000000000000000e+00,-2.594031910946356656e-01
5.684210526315789380e+00,7.371052631578947967e+00,8.121153310171296269e-01,7.475545314601733660e-01,6.962565946689877050e-01,0.000000000000000000e+00,-2.623943645195339069e-01
5.684210526315789380e+00,7.896842105263158551e+00,8.164126520302571466e-01,7.522268467057324770e-01,7.010138732574872078e-01,0.000000000000000000e+00,-2.620543100294654426e-01
5.684210526315789380e+00,8.422631578947369135e+00,8.184024057105716565e-01,7.549983187040912869e-01,7.148177181160878524e-01,0.000000000000000000e+00,-2.518887055975427836e-01
5.684210526315789380e+00,8.948421052631578831e+00,8.174355261487438185e-01,7.550968755111867603e-01,7.048399739899210426e-01,0.000000000000000000e+00,-2.532446620439687268e-01
5.684210526315789380e+00,9.474210526315790304e+00,8.175628191464489047e-01,7.552183414303558218e-01,7.196432362933616877e-01,0.000000000000000000e+00,-2.529854432448356838e-01
5.684210526315789380e+00,1.000000000000000000e+01,8.190967372689753612e-01,7.570898450422772763e-01,7.227461313701498691e-01,0.000000000000000000e+00,-2.525233839677945014e-01
6.000000000000000000e+00,1.000000000000000021e-02,8.296730361238929818e-01,7.702881582390913584e-01,7.214344243546761959e-01,4.832408488066601733e-03,-2.707445314355742538e-01
6.000000000000000000e+00,5.357894736842105932e-01,8.592742712843225439e-01,8.150571764625066384e-01,7.760372753944463353e-01,5.621233698634466036e-03,-2.731766767838231247e-01
6.000000000000000000e+00,1.061578947368421177e+00,8.329685818566404665e-01,7.735423397473449869e-01,7.246083687620871183e-01,5.917499797361637330e-03,-2.723979947002497792e-01
6.000000000000000000e+00,1.587368421052631762e+00,8.127345868843892651e-01,7.503936899113160530e-01,7.011715804159205367e-01,4.197056306730777286e-03,-2.728710323211333000e-01
6.000000000000000000e+00,2.113157894736842124e+00,8.461995698388934395e-01,8.004829823921952858e-01,7.604586264566393083e-01,4.442239082154538117e-03,-2.658452882153179431e-01
6.000000000000000000e+00,2.638947368421052708e+00,8.141997068849237129e-01,7.514558005488148895e-01,7.052508401864628906e-01,4.343205163488806850e-03,-2.599865975371857263e-01
6.000000000000000000e+00,3.164736842105263293e+00,8.246741893621162278e-01,7.715948984738272287e-01,7.267096010961952013e-01,3.796155415650660000e-03,-2.593796723550583216e-01
6.000000000000000000e+00,3.690526315789473877e+00,8.090398016015759586e-01,7.463688607765704974e-01,6.989898735815532893e-01,3.351704505948872263e-03,-2.591094816221968244e-01
6.000000000000000000e+00,4.216315789473684461e+00,8.100652782288014775e-01,7.486279028249663847e-01,7.054800567123443722e-01,2.968695244428690757e-03,-2.578700916575046853e-01
6.000000000000000000e+00,4.742105263157895045e+00,8.389567167574548678e-01,7.891294806218590585e-01,7.462593510853480216e-01,2.058760449257693304e-03,-2.577247900815179404e-01
6.000000000000000000e+00,5.267894736842105630e+00,8.086378973749068777e-01,7.455038338815382915e-01,6.971241087529326252e-01,1.034143182502554907e-03,-2.576126395293756310e-01
6.000000000000000000e+00,5.793684210526316214e+00,8.137033664212706130e-01,7.592972513654748790e-01,7.144763492555544770e-01,2.741242204798320734e-03,-2.583815341317760583e-01
6.000000000000000000e+00,6.319473684210526798e+00,8.132706128168946114e-01,7.510921932821755798e-01,7.039610988484956700e-01,2.763683810530596485e-03,-2.584622039154538808e-01
6.000000000000000000e+00,6.845263157894737382e+00,8.043894108960504274e-01,7.409539973236375365e-01,6.968878881803003411e-01,2.067877901431912704e-03,-2.599232966176185378e-01
6.000000000000000000e+00,7.371052631578947967e+00,8.039709254373804681e-01,7.405803689376196930e-01,6.937447599477578608e-01,1.608547919632772813e-03,-2.596312761286358461e-01
6.000000000000000000e+00,7.896842105263158551e+00,8.149866315199146838e-01,7.519531784243768113e-01,7.013633883099633648e-01,1.447152228132321571e-03,-2.600723050115474888e-01
6.000000000000000000e+00,8.422631578947369135e+00,8.078559854717045630e-01,7.487659237666388634e-01,7.053435438580017980e-01,1.102833528168238207e-03,-2.584483372641072640e-01
6.000000000000000000e+00,8.948421052631578831e+00,8.114966648851148490e-01,7.477816793481908419e-01,6.969275903440029785e-01,4.549197686501734307e-04,-2.579618761626414347e-01
6.000000000000000000e+00,9.474210526315790304e+00,8.227321190188657818e-01,7.772687706751074677e-01,7.382079917675365976e-01,1.016783186155030110e-04,-2.535621236070280116e-01
6.000000000000000000e+00,1.000000000000000000e+01,8.165703647111001162e-01,7.524829140299288399e-01,7.069014482109731157e-01,0.000000000000000000e+00,-2.631904703506736110e-01
