0.000000000000000000e+00,1.000000000000000021e-02,8.777974603146164734e-01,8.775476342031834909e-01,8.772979503766773490e-01,0.000000000000000000e+00,-1.395257195322814336e-01
0.000000000000000000e+00,5.357894736842105932e-01,6.284966891661486477e-01,6.061380473510833422e-01,5.855092009933773323e-01,8.246324735683480123e-01,-2.170341106150183386e+00
0.000000000000000000e+00,1.061578947368421177e+00,6.250310614995148173e-01,6.019088059145297764e-01,5.806669766475921479e-01,9.567621527995008313e-01,-2.473465971243557160e+00
0.000000000000000000e+00,1.587368421052631762e+00,6.231776935289257136e-01,5.996786139808527594e-01,5.781387271982928455e-01,1.011467493288572994e+00,-2.592845417978925315e+00
0.000000000000000000e+00,2.113157894736842124e+00,6.218772794060987152e-01,5.981562570990551775e-01,5.764174015222677250e-01,1.038483444192696004e+00,-2.653851187423397207e+00
0.000000000000000000e+00,2.638947368421052708e+00,6.209800317694345040e-01,5.970662440873212296e-01,5.752001049096190366e-01,1.053723514349886647e+00,-2.689304199982782251e+00
0.000000000000000000e+00,3.164736842105263293e+00,6.202282609180741479e-01,5.961982747757700318e-01,5.742113775154915611e-01,1.063028269389571401e+00,-2.711628866348271938e+00
0.000000000000000000e+00,3.690526315789473877e+00,6.196028329143254965e-01,5.954778567870057104e-01,5.734153864503832576e-01,1.068982608451210403e+00,-2.726416981377083548e+00
0.000000000000000000e+00,4.216315789473684461e+00,6.190894687676536945e-01,5.948680207702317091e-01,5.727429777940601374e-01,1.072901321949071507e+00,-2.736555792635096740e+00
0.000000000000000000e+00,4.742105263157895045e+00,6.186776882815311351e-01,5.943641439984096442e-01,5.721777520158072283e-01,1.075534671469182912e+00,-2.743707556008912807e+00
0.000000000000000000e+00,5.267894736842105630e+00,6.182894786928675446e-01,5.939238325052783596e-01,5.716694244467193098e-01,1.077275655299381407e+00,-2.748767795933002134e+00
0.000000000000000000e+00,5.793684210526316214e+00,6.179314710074184092e-01,5.935158152808256427e-01,5.712219461318173153e-01,1.078417343505590598e+00,-2.752395855915972245e+00
0.000000000000000000e+00,6.319473684210526798e+00,6.176072262335435825e-01,5.931465708295924344e-01,5.708172335169346967e-01,1.079130751810981614e+00,-2.754982087955414105e+00
0.000000000000000000e+00,6.845263157894737382e+00,6.173106802704924068e-01,5.928090040413166451e-01,5.704473647064867148e-01,1.079534534706243942e+00,-2.756801281857023778e+00
0.000000000000000000e+00,7.371052631578947967e+00,6.170633081091013716e-01,5.925286897268035036e-01,5.701411640493856403e-01,1.079751549013095335e+00,-2.758134487431337600e+00
0.000000000000000000e+00,7.896842105263158551e+00,6.168264900358938485e-01,5.922440449967641962e-01,5.698297903793910768e-01,1.079764242302652111e+00,-2.758955324515226071e+00
0.000000000000000000e+00,8.422631578947369135e+00,6.166120054698313036e-01,5.919830307417754955e-01,5.695448151542026327e-01,1.079655004213003089e+00,-2.759452288605139803e+00
0.000000000000000000e+00,8.948421052631578831e+00,6.164121852848806205e-01,5.917402627769638990e-01,5.692799743011882629e-01,1.079452209858328571e+00,-2.759693609116010027e+00
0.000000000000000000e+00,9.474210526315790304e+00,6.161795287083995376e-01,5.914844699489933966e-01,5.689972871347326322e-01,1.079201392844474139e+00,-2.759793993756650909e+00
0.000000000000000000e+00,1.000000000000000000e+01,6.160012025386246703e-01,5.912700932962019484e-01,5.687635865406188707e-01,1.078871980170818645e+00,-2.759672310344454704e+00
3.157894736842105088e-01,1.000000000000000021e-02,9.038483789676554636e-01,9.037513771520938599e-01,9.036543961616466669e-01,0.000000000000000000e+00,-8.970698382973651963e-02
3.157894736842105088e-01,5.357894736842105932e-01,6.314607802777122414e-01,6.097749530763021397e-01,6.019850446291460377e-01,6.666936447410035660e-01,-1.729879464107833220e+00
3.157894736842105088e-01,1.061578947368421177e+00,6.277970169825923819e-01,6.052705826501112440e-01,5.845034748915225453e-01,8.205842329154480197e-01,-2.153836950259887306e+00
3.157894736842105088e-01,1.587368421052631762e+00,6.258070808424007758e-01,6.028531684677228553e-01,5.817359257359950853e-01,8.998122077104285799e-01,-2.351839108136044132e+00
3.157894736842105088e-01,2.113157894736842124e+00,6.245120117653135683e-01,6.012797872400835741e-01,5.799357423855450167e-01,9.506418439501892470e-01,-2.465494128772959481e+00
3.157894736842105088e-01,2.638947368421052708e+00,6.235278320308910160e-01,6.000939667634758168e-01,5.786076368429960981e-01,9.844652291689833801e-01,-2.538273857922078491e+00
3.157894736842105088e-01,3.164736842105263293e+00,6.227503095765819507e-01,5.991667530173775402e-01,5.775381649780098048e-01,1.007414354993973138e+00,-2.588200074623743241e+00
3.157894736842105088e-01,3.690526315789473877e+00,6.220682647069819549e-01,5.983676833110965765e-01,5.766449922330807443e-01,1.023700655680001681e+00,-2.624165827901541626e+00
3.157894736842105088e-01,4.216315789473684461e+00,6.215079223550445953e-01,5.977170747073713430e-01,5.759220430456032380e-01,1.035667483156852198e+00,-2.650945410255679757e+00
3.157894736842105088e-01,4.742105263157895045e+00,6.210730271390967339e-01,5.971683894479266064e-01,5.753149933641585889e-01,1.044705667363545532e+00,-2.671432575357863826e+00
3.157894736842105088e-01,5.267894736842105630e+00,6.206617297553599366e-01,5.966912365342561531e-01,5.747546219290150527e-01,1.051688426502753959e+00,-2.687471992006706500e+00
3.157894736842105088e-01,5.793684210526316214e+00,6.202787729416522344e-01,5.962489429761830273e-01,5.742619887437467874e-01,1.057165115891524065e+00,-2.700219180185587486e+00
3.157894736842105088e-01,6.319473684210526798e+00,6.199349960178921481e-01,5.958529855158198885e-01,5.738245008285248749e-01,1.061521734069492018e+00,-2.710502205099520889e+00
3.157894736842105088e-01,6.845263157894737382e+00,6.196223546396366633e-01,5.954935901700091350e-01,5.734279436468894264e-01,1.065022267983024129e+00,-2.718888448280524894e+00
3.157894736842105088e-01,7.371052631578947967e+00,6.193375684967481476e-01,5.951670633709964520e-01,5.730682870856660394e-01,1.067860483806286620e+00,-2.725797826095918808e+00
3.157894736842105088e-01,7.896842105263158551e+00,6.190915076284781993e-01,5.948639466208616167e-01,5.727344574967814239e-01,1.070172595923928105e+00,-2.731525001242401274e+00
3.157894736842105088e-01,8.422631578947369135e+00,6.188612040296983530e-01,5.945810439289616056e-01,5.724229141798004017e-01,1.072063825216842625e+00,-2.736300231329460431e+00
3.157894736842105088e-01,8.948421052631578831e+00,6.186672808623617792e-01,5.943476641559958251e-01,5.721534165025645713e-01,1.073641720807483324e+00,-2.740358105096996510e+00
3.157894736842105088e-01,9.474210526315790304e+00,6.184642130639275148e-01,5.941177679358434771e-01,5.718808928549024007e-01,1.074925228164557822e+00,-2.743749009222250734e+00
3.157894736842105088e-01,1.000000000000000000e+01,6.182683325690325749e-01,5.938951797626599305e-01,5.716347218508815997e-01,1.075974436328908768e+00,-2.746598522898315409e+00
6.315789473684210176e-01,1.000000000000000021e-02,9.261900284756605650e-01,9.261574350640966458e-01,9.261250538968970325e-01,0.000000000000000000e+00,-8.772394515936408899e-02
6.315789473684210176e-01,5.357894736842105932e-01,6.409473660818358898e-01,6.404384370485636246e-01,6.399303175099080310e-01,4.810358992503657727e-01,-1.217682173211787067e+00
6.315789473684210176e-01,1.061578947368421177e+00,6.307662987401176924e-01,6.088605780537492684e-01,6.037884212620837632e-01,6.623786209772887235e-01,-1.704611611640166613e+00
6.315789473684210176e-01,1.587368421052631762e+00,6.286904805021726883e-01,6.063123137525536777e-01,5.898247341850485492e-01,7.567240252874211093e-01,-1.969117302621568255e+00
6.315789473684210176e-01,2.113157894736842124e+00,6.272637331289658835e-01,6.045823232167173433e-01,5.837046499421276735e-01,8.168506322622731686e-01,-2.137595147696899289e+00
6.315789473684210176e-01,2.638947368421052708e+00,6.262146256342151496e-01,6.033168098278103297e-01,5.822449208185178637e-01,8.605994805069753228e-01,-2.254443984297045844e+00
6.315789473684210176e-01,3.164736842105263293e+00,6.254168585780153222e-01,6.023337179090958449e-01,5.811407227960642130e-01,8.947334094494806545e-01,-2.340070322054752960e+00
6.315789473684210176e-01,3.690526315789473877e+00,6.247279510294978522e-01,6.015192712498118599e-01,5.801940230547617539e-01,9.222783947624247913e-01,-2.405332525123530907e+00
6.315789473684210176e-01,4.216315789473684461e+00,6.241365050916484192e-01,6.008248070382277151e-01,5.794161861945689163e-01,9.449931246504045257e-01,-2.456523524582214790e+00
6.315789473684210176e-01,4.742105263157895045e+00,6.236434299425754890e-01,6.002242905342118906e-01,5.787448453036837526e-01,9.638603862174245362e-01,-2.497614796638687462e+00
6.315789473684210176e-01,5.267894736842105630e+00,6.232149312633314953e-01,5.996977781892897097e-01,5.781451990282414632e-01,9.795018814623501768e-01,-2.531195082315244704e+00
6.315789473684210176e-01,5.793684210526316214e+00,6.228093144321971142e-01,5.992239864965236418e-01,5.775958161013454717e-01,9.924908838551433909e-01,-2.559066976637739188e+00
6.315789473684210176e-01,6.319473684210526798e+00,6.224306879935921355e-01,5.987799447071684433e-01,5.770970555168292160e-01,1.003345341356323805e+00,-2.582534113040124701e+00
6.315789473684210176e-01,6.845263157894737382e+00,6.221007069434720815e-01,5.983965849862808994e-01,5.766708622853267130e-01,1.012493276355566074e+00,-2.602429091088400703e+00
6.315789473684210176e-01,7.371052631578947967e+00,6.217981064447180017e-01,5.980455290515340749e-01,5.762809674705823282e-01,1.020287748218684953e+00,-2.619487994307350576e+00
6.315789473684210176e-01,7.896842105263158551e+00,6.215185487807454168e-01,5.977215710408024796e-01,5.759214569110817639e-01,1.026984206318656501e+00,-2.634234283509842456e+00
6.315789473684210176e-01,8.422631578947369135e+00,6.212922418958976012e-01,5.974346233634036940e-01,5.756047873455050201e-01,1.032771696526219030e+00,-2.647049523645383928e+00
6.315789473684210176e-01,8.948421052631578831e+00,6.210724368608186996e-01,5.971567137481605947e-01,5.752970371701706664e-01,1.037819520320095279e+00,-2.658298769175735377e+00
6.315789473684210176e-01,9.474210526315790304e+00,6.208555126568909843e-01,5.969078919567156749e-01,5.750015788886624346e-01,1.042236319848058423e+00,-2.668197613118687972e+00
6.315789473684210176e-01,1.000000000000000000e+01,6.206438528427995482e-01,5.966636237692881650e-01,5.747191813104346458e-01,1.046125054696075418e+00,-2.676964564087504161e+00
9.473684210526315264e-01,1.000000000000000021e-02,9.305807831597475710e-01,9.276136826580400063e-01,9.246691034457720226e-01,0.000000000000000000e+00,-1.984225270564327348e-01
9.473684210526315264e-01,5.357894736842105932e-01,7.055359890842843873e-01,7.047563987353212545e-01,7.039785350500498140e-01,2.817593417678175283e-01,-7.253300731701216586e-01
9.473684210526315264e-01,1.061578947368421177e+00,6.440963144059744794e-01,6.436012766285007514e-01,6.431070009747925642e-01,4.756163973915266685e-01,-1.188042316806668053e+00
9.473684210526315264e-01,1.587368421052631762e+00,6.317138537820907729e-01,6.192610091324129984e-01,6.188258459176428916e-01,5.846906201465140729e-01,-1.478173382756049925e+00
9.473684210526315264e-01,2.113157894736842124e+00,6.302241925104055120e-01,6.081626839762416248e-01,6.054519965193108089e-01,6.577491281398658574e-01,-1.680898884456044184e+00
9.473684210526315264e-01,2.638947368421052708e+00,6.291190934967855197e-01,6.068084645963583990e-01,5.969103946418023998e-01,7.111830403946353130e-01,-1.831965512526800177e+00
9.473684210526315264e-01,3.164736842105263293e+00,6.282447630676213368e-01,6.057555212277676571e-01,5.909628448970831727e-01,7.524521410572885260e-01,-1.949430843476117614e+00
9.473684210526315264e-01,3.690526315789473877e+00,6.275348277035738276e-01,6.048766689259789109e-01,5.865791857669316878e-01,7.855399675034507867e-01,-2.043592477694204490e+00
9.473684210526315264e-01,4.216315789473684461e+00,6.268946412946241331e-01,6.041038777353124889e-01,5.832139679240150310e-01,8.128129207467690298e-01,-2.120854817187814767e+00
9.473684210526315264e-01,4.742105263157895045e+00,6.263544955333462116e-01,6.034650977369900859e-01,5.823997653993606693e-01,8.359094824330384199e-01,-2.185340688185509528e+00
9.473684210526315264e-01,5.267894736842105630e+00,6.258748428011102760e-01,6.028985625925882275e-01,5.817624998753260224e-01,8.561181269015268880e-01,-2.239971123305251943e+00
9.473684210526315264e-01,5.793684210526316214e+00,6.254911009186541193e-01,6.024125292412400023e-01,5.812185740582765936e-01,8.739661131791677251e-01,-2.286808323439644131e+00
9.473684210526315264e-01,6.319473684210526798e+00,6.251163646767624593e-01,6.019619214739797552e-01,5.806956024775459246e-01,8.898843304838145452e-01,-2.327400773662271938e+00
9.473684210526315264e-01,6.845263157894737382e+00,6.247685164900796950e-01,6.015535772942783854e-01,5.802230042632384732e-01,9.041868386821332315e-01,-2.362879243045296729e+00
9.473684210526315264e-01,7.371052631578947967e+00,6.244495454897376341e-01,6.011796719825344137e-01,5.798046385081527809e-01,9.171258179830946711e-01,-2.394125067184897926e+00
9.473684210526315264e-01,7.896842105263158551e+00,6.241551988803295536e-01,6.008350846471071094e-01,5.794194322646877282e-01,9.289001243194913160e-01,-2.421827967198141085e+00
9.473684210526315264e-01,8.422631578947369135e+00,6.238827513142810588e-01,6.005162137857076310e-01,5.790633385374766018e-01,9.396666762814885887e-01,-2.446540099402232382e+00
9.473684210526315264e-01,8.948421052631578831e+00,6.236468613089447555e-01,6.002166925891383453e-01,5.787288823165728235e-01,9.495388624174704306e-01,-2.468694736464208006e+00
9.473684210526315264e-01,9.474210526315790304e+00,6.234258304250708260e-01,5.999366106628731821e-01,5.784163641023755131e-01,9.586013284967688231e-01,-2.488653339575380485e+00
9.473684210526315264e-01,1.000000000000000000e+01,6.232057679342513090e-01,5.996776073012025643e-01,5.781148259814660184e-01,9.669135009115962243e-01,-2.506707505767821420e+00
1.263157894736842035e+00,1.000000000000000021e-02,7.693486976243382180e-01,7.251398840412416336e-01,6.868595640129676605e-01,0.000000000000000000e+00,-4.271619507346369748e-01
1.263157894736842035e+00,5.357894736842105932e-01,7.987640145074234033e-01,7.977651905365293894e-01,7.967688708349053295e-01,9.528380914599206275e-02,-3.556739946558926668e-01
1.263157894736842035e+00,1.061578947368421177e+00,7.108551899328442447e-01,7.100811798283555021e-01,7.093088589664410248e-01,2.756739894118213074e-01,-6.978668893158211928e-01
1.263157894736842035e+00,1.587368421052631762e+00,6.699038398348403645e-01,6.693327633234448237e-01,6.687626621364987090e-01,3.895255328147538276e-01,-9.597436779441154142e-01
1.263157894736842035e+00,2.113157894736842124e+00,6.469762769230636978e-01,6.464913367375373365e-01,6.460071246184247995e-01,4.699101133724758461e-01,-1.161113803312605164e+00
1.263157894736842035e+00,2.638947368421052708e+00,6.321925879222410893e-01,6.317215951056945888e-01,6.312746982036309129e-01,5.308356611513892487e-01,-1.321522880770772401e+00
1.263157894736842035e+00,3.164736842105263293e+00,6.312362672117856066e-01,6.213007194607824690e-01,6.208729259534144784e-01,5.792732102014600537e-01,-1.453117295214256588e+00
1.263157894736842035e+00,3.690526315789473877e+00,6.304954957477948430e-01,6.135148645778550902e-01,6.130993921470538899e-01,6.190325642438176956e-01,-1.563474806616485635e+00
1.263157894736842035e+00,4.216315789473684461e+00,6.298331879446621429e-01,6.076657974116734806e-01,6.070528244378091687e-01,6.524927609047288524e-01,-1.657649057968774597e+00
1.263157894736842035e+00,4.742105263157895045e+00,6.292671790806817489e-01,6.069761772094164343e-01,6.022059805735523463e-01,6.811666945431772424e-01,-1.739123773291823660e+00
1.263157894736842035e+00,5.267894736842105630e+00,6.287900697687037743e-01,6.063821420971078346e-01,5.982295844879436109e-01,7.060892943909632402e-01,-1.810395256522614460e+00
1.263157894736842035e+00,5.793684210526316214e+00,6.283397739649538849e-01,6.058470041021271069e-01,5.949057475071763967e-01,7.280307580835737591e-01,-1.873353640312638957e+00
1.263157894736842035e+00,6.319473684210526798e+00,6.279346252244666360e-01,6.053665590533384711e-01,5.920849885175146765e-01,7.475301822516101646e-01,-1.929401583458909331e+00
1.263157894736842035e+00,6.845263157894737382e+00,6.275887338814369887e-01,6.049260439240937703e-01,5.896608713923103817e-01,7.650015893378263598e-01,-1.979635737986884969e+00
1.263157894736842035e+00,7.371052631578947967e+00,6.272350975209264323e-01,6.044984796298634722e-01,5.875539579856080552e-01,7.807939630186958579e-01,-2.024971773380717543e+00
1.263157894736842035e+00,7.896842105263158551e+00,6.269267324719782764e-01,6.041256244761824545e-01,5.857076385146748887e-01,7.951154493688891156e-01,-2.066034426109468747e+00
1.263157894736842035e+00,8.422631578947369135e+00,6.266357981350459960e-01,6.037817502647941925e-01,5.840760362451358212e-01,8.081909907268246540e-01,-2.103427869356675473e+00
1.263157894736842035e+00,8.948421052631578831e+00,6.263673635674107398e-01,6.034653190740878470e-01,5.826238392571372327e-01,8.201892795467889963e-01,-2.137628877228326729e+00
1.263157894736842035e+00,9.474210526315790304e+00,6.261143220826166367e-01,6.031670283600050197e-01,5.820542958790974053e-01,8.312602243847212469e-01,-2.169021900703149708e+00
1.263157894736842035e+00,1.000000000000000000e+01,6.258769799002408263e-01,6.028877005463700867e-01,5.817408231434167964e-01,8.416374788203976332e-01,-2.197938539042000095e+00
1.578947368421052655e+00,1.000000000000000021e-02,8.124547391551052433e-01,7.557391617526442174e-01,7.087779934171090090e-01,0.000000000000000000e+00,-2.665142858347698263e-01
1.578947368421052655e+00,5.357894736842105932e-01,8.627791282894858860e-01,8.625900218535917929e-01,8.624009983518728939e-01,0.000000000000000000e+00,-1.696737729301457664e-01
1.578947368421052655e+00,1.061578947368421177e+00,8.048039851804672518e-01,8.038591391417965193e-01,8.029165168559856403e-01,8.976183937066634089e-02,-3.377331347418108809e-01
1.578947368421052655e+00,1.587368421052631762e+00,7.518760408910408755e-01,7.509520856452640558e-01,7.500304068503576005e-01,1.910650230327500532e-01,-5.141474321603782816e-01
1.578947368421052655e+00,2.113157894736842124e+00,7.156933801932789940e-01,7.149203404489045122e-01,7.141489742938841312e-01,2.694989989828444066e-01,-6.736267689123481839e-01
1.578947368421052655e+00,2.638947368421052708e+00,6.910580069678614601e-01,6.904073435773822043e-01,6.897579077650504153e-01,3.319712883454319363e-01,-8.128364897684212664e-01
1.578947368421052655e+00,3.164736842105263293e+00,6.733996725561489649e-01,6.728323358261315557e-01,6.722659566719042523e-01,3.832533050752437442e-01,-9.342401138416303041e-01
1.578947368421052655e+00,3.690526315789473877e+00,6.601196215881335316e-01,6.596060970444901361e-01,6.590933727174791423e-01,4.265183117848811989e-01,-1.040947536825603148e+00
1.578947368421052655e+00,4.216315789473684461e+00,6.497372341058842427e-01,6.492583172388363133e-01,6.487801074291232872e-01,4.636505870534721740e-01,-1.135546414029410700e+00
1.578947368421052655e+00,4.742105263157895045e+00,6.413727111099379874e-01,6.409163079544583086e-01,6.404605552830281434e-01,4.960355907022384048e-01,-1.220132176493242460e+00
1.578947368421052655e+00,5.267894736842105630e+00,6.344730141548008406e-01,6.340316610731698832e-01,6.335909228781885227e-01,5.246282512935896980e-01,-1.296327342073022582e+00
1.578947368421052655e+00,5.793684210526316214e+00,6.313537079438181765e-01,6.282399889396863557e-01,6.278097783578084901e-01,5.501781738609287098e-01,-1.365463090134120483e+00
1.578947368421052655e+00,6.319473684210526798e+00,6.309528923847699255e-01,6.232935529516039352e-01,6.228711311908810000e-01,5.731357916491187643e-01,-1.428494222627929133e+00
1.578947368421052655e+00,6.845263157894737382e+00,6.305707345895611438e-01,6.190158106909601221e-01,6.185994303175055276e-01,5.939813200604084908e-01,-1.486290585223049021e+00
1.578947368421052655e+00,7.371052631578947967e+00,6.302087986825353205e-01,6.152754386231997774e-01,6.148640862214806990e-01,6.130089698982230662e-01,-1.539516700869840271e+00
1.578947368421052655e+00,7.896842105263158551e+00,6.298767028857332750e-01,6.119745496470988533e-01,6.115676242662912987e-01,6.304667490340343239e-01,-1.588724721039485699e+00
1.578947368421052655e+00,8.422631578947369135e+00,6.295685918803586301e-01,6.090382204270057276e-01,6.086353631354012306e-01,6.465650719504817401e-01,-1.634382341889394574e+00
1.578947368421052655e+00,8.948421052631578831e+00,6.292960866895580541e-01,6.069878625676830008e-01,6.060088545022378481e-01,6.614735979529638987e-01,-1.676881947672202999e+00
1.578947368421052655e+00,9.474210526315790304e+00,6.290430935153608072e-01,6.066636705077297353e-01,6.036419029527478886e-01,6.753345538239866608e-01,-1.716557090309548839e+00
1.578947368421052655e+00,1.000000000000000000e+01,6.288030299597553441e-01,6.063785230459877162e-01,6.014974656418149435e-01,6.882561119159403829e-01,-1.753681532314181668e+00
1.894736842105263053e+00,1.000000000000000021e-02,8.298004686351400094e-01,7.768229496782024235e-01,7.330309411596921398e-01,0.000000000000000000e+00,-2.683715618760558197e-01
1.894736842105263053e+00,5.357894736842105932e-01,8.918231095809797671e-01,8.917174240693580556e-01,8.916117636122030676e-01,0.000000000000000000e+00,-9.902345594594498535e-02
1.894736842105263053e+00,1.061578947368421177e+00,8.650496899817204932e-01,8.649209608936551108e-01,8.647922701296627546e-01,0.000000000000000000e+00,-1.621780503245017213e-01
1.894736842105263053e+00,1.587368421052631762e+00,8.391009766794153002e-01,8.384996021818817979e-01,8.378990909214200089e-01,2.594932757357249972e-02,-2.381459263857647890e-01
1.894736842105263053e+00,2.113157894736842124e+00,8.099283844442649594e-01,8.090354190485479213e-01,8.081444270501024763e-01,8.424459578280928118e-02,-3.225604227440773131e-01
1.894736842105263053e+00,2.638947368421052708e+00,7.816755554034683362e-01,7.807198462109484760e-01,7.797664797481770327e-01,1.377158479338498331e-01,-4.093258193807267631e-01
1.894736842105263053e+00,3.164736842105263293e+00,7.572102217396955437e-01,7.562923207789055136e-01,7.553766506314468776e-01,1.847623676793504199e-01,-4.942120759803120822e-01
1.894736842105263053e+00,3.690526315789473877e+00,7.369430402801223634e-01,7.360942309935754047e-01,7.352473815505390364e-01,2.261766072185059373e-01,-5.751128373069501754e-01
1.894736842105263053e+00,4.216315789473684461e+00,7.202888600608904346e-01,7.195126796993567275e-01,7.187381757802523419e-01,2.628614275233310260e-01,-6.512449509741945475e-01
1.894736842105263053e+00,4.742105263157895045e+00,7.065112224324043844e-01,7.058011051057629937e-01,7.050924181468430918e-01,2.956431267673534924e-01,-7.225243347872515320e-01
1.894736842105263053e+00,5.267894736842105630e+00,6.949791562209016726e-01,6.943255742526548424e-01,6.936732239087927132e-01,3.251684089395646682e-01,-7.891618261640204190e-01
1.894736842105263053e+00,5.793684210526316214e+00,6.851992699700829581e-01,6.845928224767142689e-01,6.839874503857649168e-01,3.519147183575886406e-01,-8.514848732443870416e-01
1.894736842105263053e+00,6.319473684210526798e+00,6.768087694246728292e-01,6.762406018897347826e-01,6.756733898939129013e-01,3.763728966222134598e-01,-9.098668213002193417e-01
1.894736842105263053e+00,6.845263157894737382e+00,6.695265312456895046e-01,6.689892576448107642e-01,6.684528477231506116e-01,3.988717145155131205e-01,-9.646765800481246211e-01
1.894736842105263053e+00,7.371052631578947967e+00,6.631420646551400289e-01,6.626296589554491190e-01,6.621180463495651702e-01,4.196155188598245656e-01,-1.016213401073196465e+00
1.894736842105263053e+00,7.896842105263158551e+00,6.574946532747243388e-01,6.570022129477065542e-01,6.565105113706849460e-01,4.388425045681635939e-01,-1.064782832060781281e+00
1.894736842105263053e+00,8.422631578947369135e+00,6.524597941972206661e-01,6.519833763051769981e-01,6.515076551815549566e-01,4.567444498152228860e-01,-1.110655141604279805e+00
1.894736842105263053e+00,8.948421052631578831e+00,6.479394905544257899e-01,6.474759723529369682e-01,6.470131182801973635e-01,4.734650422575119033e-01,-1.154062383862325847e+00
1.894736842105263053e+00,9.474210526315790304e+00,6.438560884462019018e-01,6.434029771232785411e-01,6.429505044519665535e-01,4.891511693938730976e-01,-1.195224162128770251e+00
1.894736842105263053e+00,1.000000000000000000e+01,6.401471485838601261e-01,6.397024904913114485e-01,6.392584509954676308e-01,5.038802320239881283e-01,-1.234304792917101601e+00
2.210526315789473450e+00,1.000000000000000021e-02,8.203628171816509385e-01,7.767350083825163010e-01,7.384913551877777538e-01,0.000000000000000000e+00,-2.836110695069422039e-01
2.210526315789473450e+00,5.357894736842105932e-01,9.155407758591372902e-01,9.155047320934083244e-01,9.154695953722432611e-01,0.000000000000000000e+00,-6.930450020265259414e-02
2.210526315789473450e+00,1.061578947368421177e+00,8.933261848358841073e-01,8.932331230711613168e-01,8.931400806997967790e-01,0.000000000000000000e+00,-9.592648690937721767e-02
2.210526315789473450e+00,1.587368421052631762e+00,8.788305548759222097e-01,8.786947327907016492e-01,8.785589554803968637e-01,0.000000000000000000e+00,-1.244965822829243868e-01
2.210526315789473450e+00,2.113157894736842124e+00,8.669390720541780837e-01,8.668264444958072579e-01,8.667194464621449379e-01,0.000000000000000000e+00,-1.560268249121848916e-01
2.210526315789473450e+00,2.638947368421052708e+00,8.550961835928551080e-01,8.548175221601838070e-01,8.545390424682085539e-01,0.000000000000000000e+00,-1.907267020213498088e-01
2.210526315789473450e+00,3.164736842105263293e+00,8.423789660583272942e-01,8.418590595792286857e-01,8.413397956551956769e-01,2.142624567223638810e-02,-2.282318272895449418e-01
2.210526315789473450e+00,3.690526315789473877e+00,8.287010260701990205e-01,8.279846758955452524e-01,8.272695663338119898e-01,5.004942732070286754e-02,-2.679384027191737405e-01
2.210526315789473450e+00,4.216315789473684461e+00,8.145004912750826165e-01,8.136566268273743852e-01,8.128145145958155515e-01,7.849868180707655907e-02,-3.090897900378323238e-01
2.210526315789473450e+00,4.742105263157895045e+00,8.003646374101526240e-01,7.994532691381611711e-01,7.985439811543487698e-01,1.057019392773574235e-01,-3.509767244052100499e-01
2.210526315789473450e+00,5.267894736842105630e+00,7.867780451694142974e-01,7.858418983141687297e-01,7.849079845383388765e-01,1.313505244938492911e-01,-3.929993354068572753e-01
2.210526315789473450e+00,5.793684210526316214e+00,7.740420783820608497e-01,7.731085759060439822e-01,7.721773305205991145e-01,1.554321401883394793e-01,-4.346963917673804523e-01
2.210526315789473450e+00,6.319473684210526798e+00,7.622813161046747554e-01,7.613673305995608542e-01,7.604555421438061735e-01,1.780236453378779282e-01,-4.757563498407197389e-01
2.210526315789473450e+00,6.845263157894737382e+00,7.515390245884333575e-01,7.506534043055445027e-01,7.497698762167693820e-01,1.992334180785853837e-01,-5.159148113798307511e-01
2.210526315789473450e+00,7.371052631578947967e+00,7.417573513066217927e-01,7.409048668212304678e-01,7.400543463470876659e-01,2.191727743609085399e-01,-5.550591056475555618e-01
2.210526315789473450e+00,7.896842105263158551e+00,7.328649367694438643e-01,7.320473337039214989e-01,7.312315590099059959e-01,2.379554655157294640e-01,-5.931047793879742347e-01
2.210526315789473450e+00,8.422631578947369135e+00,7.247771130358234837e-01,7.239943018134390451e-01,7.232131852481172851e-01,2.556854205635715194e-01,-6.300136354169184605e-01
2.210526315789473450e+00,8.948421052631578831e+00,7.174085316514081656e-01,7.166593279157033036e-01,7.159116922816842754e-01,2.724550982196577431e-01,-6.657773164494822371e-01
2.210526315789473450e+00,9.474210526315790304e+00,7.106791946801774840e-01,7.099617814994904075e-01,7.092458196798941961e-01,2.883460838122887115e-01,-7.004063612203407230e-01
2.210526315789473450e+00,1.000000000000000000e+01,7.045163665056698443e-01,7.038286033810431386e-01,7.031421857076004533e-01,3.034356615835540616e-01,-7.339266739464723743e-01
2.526315789473684070e+00,1.000000000000000021e-02,7.639937326591762501e-01,7.283624369804545529e-01,6.964667488384277405e-01,0.000000000000000000e+00,-3.399898847211481612e-01
2.526315789473684070e+00,5.357894736842105932e-01,9.361107202578828890e-01,9.360678566579426763e-01,9.360292763168652774e-01,0.000000000000000000e+00,-5.419588785299290362e-02
2.526315789473684070e+00,1.061578947368421177e+00,9.167966723288319963e-01,9.167609606127039568e-01,9.167263074104989862e-01,0.000000000000000000e+00,-6.775717366534833586e-02
2.526315789473684070e+00,1.587368421052631762e+00,9.042409083417709548e-01,9.041980366765073329e-01,9.041551690768726557e-01,0.000000000000000000e+00,-8.049214106481351882e-02
2.526315789473684070e+00,2.113157894736842124e+00,8.946585277565860528e-01,8.945769281452097266e-01,8.944953434215511257e-01,0.000000000000000000e+00,-9.338892264367587570e-02
2.526315789473684070e+00,2.638947368421052708e+00,8.868340069028040062e-01,8.867154938468897463e-01,8.865970124746967995e-01,0.000000000000000000e+00,-1.067376781646379585e-01
2.526315789473684070e+00,3.164736842105263293e+00,8.801663312512825188e-01,8.800167998225175703e-01,8.798739964439801220e-01,0.000000000000000000e+00,-1.206893254722173209e-01
2.526315789473684070e+00,3.690526315789473877e+00,8.743272752969083461e-01,8.742061586671890927e-01,8.740857714792592548e-01,0.000000000000000000e+00,-1.353166140870249723e-01
2.526315789473684070e+00,4.216315789473684461e+00,8.686368063000786677e-01,8.685246394633491240e-01,8.684164706117748489e-01,0.000000000000000000e+00,-1.507041281788424614e-01
2.526315789473684070e+00,4.742105263157895045e+00,8.630173973444327240e-01,8.628888546709688745e-01,8.627603503006598951e-01,0.000000000000000000e+00,-1.668381283141228411e-01
2.526315789473684070e+00,5.267894736842105630e+00,8.573171977264258947e-01,8.570987601988743210e-01,8.568804340403687325e-01,0.000000000000000000e+00,-1.836940268713162239e-01
2.526315789473684070e+00,5.793684210526316214e+00,8.514166211763772862e-01,8.510849238632588465e-01,8.507534851990753433e-01,4.149110595636062299e-03,-2.012340190206783064e-01
2.526315789473684070e+00,6.319473684210526798e+00,8.452817222815273146e-01,8.448333695416961886e-01,8.443854929366042539e-01,1.685564238979524870e-02,-2.193989894166871457e-01
2.526315789473684070e+00,6.845263157894737382e+00,8.389012027522585457e-01,8.383437191135444388e-01,8.377869774035503481e-01,3.052283751424216332e-02,-2.381151966058238922e-01
2.526315789473684070e+00,7.371052631578947967e+00,8.323006117353796141e-01,8.316474917505568554e-01,8.309953984087860013e-01,4.457076178680213774e-02,-2.573214907468384105e-01
2.526315789473684070e+00,7.896842105263158551e+00,8.255428433834298696e-01,8.248099557459854791e-01,8.240783716925502711e-01,5.860507160728805481e-02,-2.769035591475634273e-01
2.526315789473684070e+00,8.422631578947369135e+00,8.186879125415863490e-01,8.178915654377224564e-01,8.170967705944015558e-01,7.245092889473619957e-02,-2.967875652369867945e-01
2.526315789473684070e+00,8.948421052631578831e+00,8.118072673190702693e-01,8.109626017276871934e-01,8.101196975209029594e-01,8.602625647891053162e-02,-3.168921704290301178e-01
2.526315789473684070e+00,9.474210526315790304e+00,8.049635433727271305e-01,8.040840229942661788e-01,8.032064288044039602e-01,9.924853897179629347e-02,-3.371401328397725661e-01
2.526315789473684070e+00,1.000000000000000000e+01,7.982162648263243510e-01,7.973132500882235130e-01,7.964122831438108507e-01,1.121082338249347332e-01,-3.574626868682804770e-01
2.842105263157894690e+00,1.000000000000000021e-02,8.029458928791345373e-01,7.595040112540106803e-01,7.244963751216476622e-01,0.000000000000000000e+00,-3.170307688807468272e-01
2.842105263157894690e+00,5.357894736842105932e-01,9.533878752417205282e-01,9.533168789127223208e-01,9.532538133973166294e-01,0.000000000000000000e+00,-4.609672013427173337e-02
2.842105263157894690e+00,1.061578947368421177e+00,9.372470721665665527e-01,9.372028380790323743e-01,9.371630906754767620e-01,0.000000000000000000e+00,-5.323282827414716617e-02
2.842105263157894690e+00,1.587368421052631762e+00,9.262023815489296430e-01,9.261666883014173512e-01,9.261334114138651818e-01,0.000000000000000000e+00,-6.014266053299880538e-02
2.842105263157894690e+00,2.113157894736842124e+00,9.179309817249191594e-01,9.178955162230110210e-01,9.178612441817518564e-01,0.000000000000000000e+00,-6.647625041307793359e-02
2.842105263157894690e+00,2.638947368421052708e+00,9.111536162367790403e-01,9.111157828017675264e-01,9.110784749996718723e-01,0.000000000000000000e+00,-7.267233469276376812e-02
2.842105263157894690e+00,3.164736842105263293e+00,9.054176941200110518e-01,9.053767657190655571e-01,9.053358410187004601e-01,0.000000000000000000e+00,-7.879631925229983735e-02
2.842105263157894690e+00,3.690526315789473877e+00,9.003842172559227697e-01,9.003322706691027077e-01,9.002803300769666173e-01,0.000000000000000000e+00,-8.496402439482324265e-02
2.842105263157894690e+00,4.216315789473684461e+00,8.958970467498156287e-01,8.958252955959865593e-01,8.957535559369000921e-01,0.000000000000000000e+00,-9.119406437928750941e-02
2.842105263157894690e+00,4.742105263157895045e+00,8.918321362338442748e-01,8.917395377623312802e-01,8.916469585237165596e-01,0.000000000000000000e+00,-9.753511314079654770e-02
2.842105263157894690e+00,5.267894736842105630e+00,8.881159169591309466e-01,8.880051523551832915e-01,8.878944153869516853e-01,0.000000000000000000e+00,-1.039873653739152720e-01
2.842105263157894690e+00,5.793684210526316214e+00,8.846796000622875189e-01,8.845553903057870038e-01,8.844312154373948909e-01,0.000000000000000000e+00,-1.105844797471168817e-01
2.842105263157894690e+00,6.319473684210526798e+00,8.814640900781508526e-01,8.813323989512150680e-01,8.812007471854711449e-01,0.000000000000000000e+00,-1.173292793546637514e-01
2.842105263157894690e+00,6.845263157894737382e+00,8.785450298693460169e-01,8.784012950631310268e-01,8.782576163970535754e-01,0.000000000000000000e+00,-1.242074484764528891e-01
2.842105263157894690e+00,7.371052631578947967e+00,8.757292706305803698e-01,8.755997671243589409e-01,8.754705123418730084e-01,0.000000000000000000e+00,-1.312791122354002582e-01
2.842105263157894690e+00,7.896842105263158551e+00,8.729571455691532700e-01,8.728374311566917676e-01,8.727188366863406488e-01,0.000000000000000000e+00,-1.385225506200685186e-01
2.842105263157894690e+00,8.422631578947369135e+00,8.702185779668812904e-01,8.701042031262197218e-01,8.699924633201204793e-01,0.000000000000000000e+00,-1.459383042823697574e-01
2.842105263157894690e+00,8.948421052631578831e+00,8.674934832814761299e-01,8.673801291048249817e-01,8.672712761028972261e-01,0.000000000000000000e+00,-1.535311340958006865e-01
2.842105263157894690e+00,9.474210526315790304e+00,8.647810687069447111e-01,8.646649090124504111e-01,8.645550592851601879e-01,0.000000000000000000e+00,-1.612961350835697694e-01
2.842105263157894690e+00,1.000000000000000000e+01,8.620738709854713910e-01,8.619414609436599761e-01,8.618090915893342752e-01,0.000000000000000000e+00,-1.692322349173386586e-01
3.157894736842105310e+00,1.000000000000000021e-02,7.920052163570416859e-01,7.408953163158801258e-01,6.977016289207048638e-01,0.000000000000000000e+00,-2.836282800731527165e-01
3.157894736842105310e+00,5.357894736842105932e-01,9.666897020078289993e-01,9.665898557580603345e-01,9.664991794604466113e-01,0.000000000000000000e+00,-4.207082834769071411e-02
3.157894736842105310e+00,1.061578947368421177e+00,9.542645801500148073e-01,9.541918563119974328e-01,9.541273093082414114e-01,0.000000000000000000e+00,-4.559326616126807563e-02
3.157894736842105310e+00,1.587368421052631762e+00,9.453505844544723979e-01,9.452944405023117058e-01,9.452445879997085632e-01,0.000000000000000000e+00,-4.901919309783216855e-02
3.157894736842105310e+00,2.113157894736842124e+00,9.382457537443690265e-01,9.382002631788358693e-01,9.381594619351644182e-01,0.000000000000000000e+00,-5.246598530164384155e-02
3.157894736842105310e+00,2.638947368421052708e+00,9.323051443797641946e-01,9.322660074504485195e-01,9.322303611542822610e-01,0.000000000000000000e+00,-5.589971179752260128e-02
3.157894736842105310e+00,3.164736842105263293e+00,9.272070147030758713e-01,9.271710432427496817e-01,9.271377048983926450e-01,0.000000000000000000e+00,-5.923139906400352178e-02
3.157894736842105310e+00,3.690526315789473877e+00,9.228481426789740816e-01,9.228130811011009405e-01,9.227799128811732254e-01,0.000000000000000000e+00,-6.234984552391421159e-02
3.157894736842105310e+00,4.216315789473684461e+00,9.189794022861067502e-01,9.189441330821016551e-01,9.189102030901666884e-01,0.000000000000000000e+00,-6.538287300799026924e-02
3.157894736842105310e+00,4.742105263157895045e+00,9.154600701668572649e-01,9.154239701898833070e-01,9.153888016110274251e-01,0.000000000000000000e+00,-6.839642507022361539e-02
3.157894736842105310e+00,5.267894736842105630e+00,9.122625370620922602e-01,9.122252030597244321e-01,9.121884833785925961e-01,0.000000000000000000e+00,-7.135722967455623844e-02
3.157894736842105310e+00,5.793684210526316214e+00,9.092928201213723582e-01,9.092540066146360678e-01,9.092155720695895837e-01,0.000000000000000000e+00,-7.432914603371514051e-02
3.157894736842105310e+00,6.319473684210526798e+00,9.065409236147305982e-01,9.065004632666179285e-01,9.064602068101749177e-01,0.000000000000000000e+00,-7.729164138996073852e-02
3.157894736842105310e+00,6.845263157894737382e+00,9.039666751465674777e-01,9.039245694078744675e-01,9.038824675920217322e-01,0.000000000000000000e+00,-8.026008320220195946e-02
3.157894736842105310e+00,7.371052631578947967e+00,9.015510879431255509e-01,9.015043859962273975e-01,9.014576888883181205e-01,0.000000000000000000e+00,-8.322946461658761730e-02
3.157894736842105310e+00,7.896842105263158551e+00,8.992603691221923157e-01,8.992061083538361865e-01,8.991518541343875848e-01,0.000000000000000000e+00,-8.621922131485067198e-02
3.157894736842105310e+00,8.422631578947369135e+00,8.970895417604207722e-01,8.970260127068240275e-01,8.969624926523570574e-01,0.000000000000000000e+00,-8.922726722075831340e-02
3.157894736842105310e+00,8.948421052631578831e+00,8.950206979967573195e-01,8.949471328612256249e-01,8.948735798208761194e-01,0.000000000000000000e+00,-9.226099583135365101e-02
3.157894736842105310e+00,9.474210526315790304e+00,8.930481949304475142e-01,8.929644715587198300e-01,8.928807638880887909e-01,0.000000000000000000e+00,-9.531651345808898890e-02
3.157894736842105310e+00,1.000000000000000000e+01,8.911628129132750376e-01,8.910692496901574389e-01,8.909757061175810344e-01,0.000000000000000000e+00,-9.839963847127049246e-02
3.473684210526315486e+00,1.000000000000000021e-02,7.995103049599788791e-01,7.428566275300806376e-01,6.988406507031122983e-01,0.000000000000000000e+00,-2.682047665392991442e-01
3.473684210526315486e+00,5.357894736842105932e-01,9.764344013398303934e-01,9.763104740720383035e-01,9.761953229687856393e-01,0.000000000000000000e+00,-4.074211998346997932e-02
3.473684210526315486e+00,1.061578947368421177e+00,9.673447858658889009e-01,9.672434577897813801e-01,9.671514438063737451e-01,0.000000000000000000e+00,-4.181725773515036076e-02
3.473684210526315486e+00,1.587368421052631762e+00,9.605745605165495471e-01,9.604885552069135635e-01,9.604115795585167481e-01,0.000000000000000000e+00,-4.348389784031345823e-02
3.473684210526315486e+00,2.113157894736842124e+00,9.550477161252551861e-01,9.549733945026265269e-01,9.549074135037024513e-01,0.000000000000000000e+00,-4.518837991027099821e-02
3.473684210526315486e+00,2.638947368421052708e+00,9.503479440114687149e-01,9.502828319155049996e-01,9.502251267027425063e-01,0.000000000000000000e+00,-4.683583366582579760e-02
3.473684210526315486e+00,3.164736842105263293e+00,9.462196275928466127e-01,9.461619854907700189e-01,9.461108326047092953e-01,0.000000000000000000e+00,-4.848707631236239685e-02
3.473684210526315486e+00,3.690526315789473877e+00,9.425264782676757713e-01,9.424748902423943919e-01,9.424289404487224964e-01,0.000000000000000000e+00,-5.015294654729484519e-02
3.473684210526315486e+00,4.216315789473684461e+00,9.391750956437987519e-01,9.391283777714005687e-01,9.390865502828544820e-01,0.000000000000000000e+00,-5.182160433755481771e-02
3.473684210526315486e+00,4.742105263157895045e+00,9.361021006179156556e-01,9.360592265926171995e-01,9.360205977086965001e-01,0.000000000000000000e+00,-5.349481551691764175e-02
3.473684210526315486e+00,5.267894736842105630e+00,9.332818118129004858e-01,9.332418147929241181e-01,9.332054852273078405e-01,0.000000000000000000e+00,-5.514467843873712555e-02
3.473684210526315486e+00,5.793684210526316214e+00,9.306565233408995441e-01,9.306186513465036780e-01,9.305839742764462352e-01,0.000000000000000000e+00,-5.677805856216813080e-02
3.473684210526315486e+00,6.319473684210526798e+00,9.282114009256080545e-01,9.281749872310932625e-01,9.281413542014340656e-01,0.000000000000000000e+00,-5.838750753802920274e-02
3.473684210526315486e+00,6.845263157894737382e+00,9.259290497913660323e-01,9.258935329685639148e-01,9.258604452358228931e-01,0.000000000000000000e+00,-5.996234077180254141e-02
3.473684210526315486e+00,7.371052631578947967e+00,9.238552064216363213e-01,9.238200500490948430e-01,9.237869384036333509e-01,0.000000000000000000e+00,-6.144567875357837688e-02
3.473684210526315486e+00,7.896842105263158551e+00,9.218729023922631605e-01,9.218378739503346742e-01,9.218045860442103390e-01,0.000000000000000000e+00,-6.293151616900358181e-02
3.473684210526315486e+00,8.422631578947369135e+00,9.199929574022401857e-01,9.199578342687692034e-01,9.199241916696653254e-01,0.000000000000000000e+00,-6.440544583895198294e-02
3.473684210526315486e+00,8.948421052631578831e+00,9.182045039684972876e-01,9.181691149113414552e-01,9.181349784374500667e-01,0.000000000000000000e+00,-6.586992298416076419e-02
3.473684210526315486e+00,9.474210526315790304e+00,9.165098424989887027e-01,9.164740476536360481e-01,9.164393001016045703e-01,0.000000000000000000e+00,-6.730870559673884923e-02
3.473684210526315486e+00,1.000000000000000000e+01,9.148851009441753002e-01,9.148488003383746792e-01,9.148133709932353419e-01,0.000000000000000000e+00,-6.874827513685342895e-02
3.789473684210526105e+00,1.000000000000000021e-02,8.125513048634726010e-01,7.693288691907592680e-01,7.313896595519643329e-01,0.000000000000000000e+00,-2.824598923969574571e-01
3.789473684210526105e+00,5.357894736842105932e-01,9.660218258320268925e-01,9.640284716036658930e-01,9.620756174411450035e-01,0.000000000000000000e+00,-1.885262769568741559e-01
3.789473684210526105e+00,1.061578947368421177e+00,9.769101774550308370e-01,9.767850660948645958e-01,9.766687876905845167e-01,0.000000000000000000e+00,-4.066109014754201029e-02
3.789473684210526105e+00,1.587368421052631762e+00,9.720056831497395633e-01,9.718931405759008157e-01,9.717898459323692784e-01,0.000000000000000000e+00,-4.101865361495981438e-02
3.789473684210526105e+00,2.113157894736842124e+00,9.679261277213164760e-01,9.678234460702400677e-01,9.677301580526730396e-01,0.000000000000000000e+00,-4.162566263609338707e-02
3.789473684210526105e+00,2.638947368421052708e+00,9.643885203893725055e-01,9.642940163006282761e-01,9.642088378855091513e-01,0.000000000000000000e+00,-4.240086035144579463e-02
3.789473684210526105e+00,3.164736842105263293e+00,9.612403869676581225e-01,9.611529087148488193e-01,9.610745547576796666e-01,0.000000000000000000e+00,-4.321256442711838425e-02
3.789473684210526105e+00,3.690526315789473877e+00,9.583834230676816501e-01,9.583021460408321923e-01,9.582297377594758414e-01,0.000000000000000000e+00,-4.404553718565776960e-02
3.789473684210526105e+00,4.216315789473684461e+00,9.557749203396005422e-01,9.556990977649189034e-01,9.556317679633207218e-01,0.000000000000000000e+00,-4.485489732369239008e-02
3.789473684210526105e+00,4.742105263157895045e+00,9.533702957335646877e-01,9.532993166089167580e-01,9.532363743482360485e-01,0.000000000000000000e+00,-4.564783591232799559e-02
3.789473684210526105e+00,5.267894736842105630e+00,9.511284067366689854e-01,9.510617934107497007e-01,9.510027601633029848e-01,0.000000000000000000e+00,-4.643809451809586403e-02
3.789473684210526105e+00,5.793684210526316214e+00,9.490252155143000801e-01,9.489625519873502446e-01,9.489070150625554811e-01,0.000000000000000000e+00,-4.723383390942490628e-02
3.789473684210526105e+00,6.319473684210526798e+00,9.470442743464876356e-01,9.469851777221384159e-01,9.469327595767711436e-01,0.000000000000000000e+00,-4.803461044098191607e-02
3.789473684210526105e+00,6.845263157894737382e+00,9.451699325916965710e-01,9.451140602181206107e-01,9.450644326358812464e-01,0.000000000000000000e+00,-4.883681191031653129e-02
3.789473684210526105e+00,7.371052631578947967e+00,9.433866816350188200e-01,9.433337363840613721e-01,9.432866312610038717e-01,0.000000000000000000e+00,-4.964506947398123621e-02
3.789473684210526105e+00,7.896842105263158551e+00,9.416904034060499251e-01,9.416400828849016413e-01,9.415952094971956621e-01,0.000000000000000000e+00,-5.045140370941525454e-02
3.789473684210526105e+00,8.422631578947369135e+00,9.400514117776478384e-01,9.400035347568577171e-01,9.399607817255560827e-01,0.000000000000000000e+00,-5.126505093645464944e-02
3.789473684210526105e+00,8.948421052631578831e+00,9.385034026680255659e-01,9.384576122856026492e-01,9.384165970900917308e-01,0.000000000000000000e+00,-5.206593889173886242e-02
3.789473684210526105e+00,9.474210526315790304e+00,9.370215221825278773e-01,9.369775729935253539e-01,9.369380597337423344e-01,0.000000000000000000e+00,-5.286990973486797168e-02
3.789473684210526105e+00,1.000000000000000000e+01,9.355974489549453432e-01,9.355551222805461586e-01,9.355169265356512165e-01,0.000000000000000000e+00,-5.367144963952601849e-02
4.105263157894736281e+00,1.000000000000000021e-02,8.257176666901208106e-01,7.793031128934573282e-01,7.389491067569547988e-01,0.000000000000000000e+00,-2.574964003161831494e-01
4.105263157894736281e+00,5.357894736842105932e-01,8.153343740844875009e-01,7.523591731786757331e-01,7.018003241232961820e-01,0.000000000000000000e+00,-2.305385780638021798e-01
4.105263157894736281e+00,1.061578947368421177e+00,9.782118757265617637e-01,9.776509801748364259e-01,9.770907285851118118e-01,0.000000000000000000e+00,-1.626419424979927697e-01
4.105263157894736281e+00,1.587368421052631762e+00,9.802387242599319706e-01,9.801045794292878588e-01,9.799789040720309208e-01,0.000000000000000000e+00,-4.063448351547094273e-02
4.105263157894736281e+00,2.113157894736842124e+00,9.773236531148237205e-01,9.771975602965768948e-01,9.770803933020183463e-01,0.000000000000000000e+00,-4.063684068004936450e-02
4.105263157894736281e+00,2.638947368421052708e+00,9.747751163034360511e-01,9.746556692471125549e-01,9.745453924715562488e-01,0.000000000000000000e+00,-4.073535733789844515e-02
4.105263157894736281e+00,3.164736842105263293e+00,9.724901039760954768e-01,9.723763813900624386e-01,9.722719494997535961e-01,0.000000000000000000e+00,-4.091485920559126410e-02
4.105263157894736281e+00,3.690526315789473877e+00,9.703976002800182021e-01,9.702890248767849224e-01,9.701898543506940475e-01,0.000000000000000000e+00,-4.116859299179571191e-02
4.105263157894736281e+00,4.216315789473684461e+00,9.684677618303995095e-01,9.683637960641059417e-01,9.682692612838567081e-01,0.000000000000000000e+00,-4.147772554017305213e-02
4.105263157894736281e+00,4.742105263157895045e+00,9.666650004263250828e-01,9.665652735117472583e-01,9.664749908046624816e-01,0.000000000000000000e+00,-4.184255560016195835e-02
4.105263157894736281e+00,5.267894736842105630e+00,9.649767924739979241e-01,9.648809416514968484e-01,9.647944797041024811e-01,0.000000000000000000e+00,-4.221043787153868493e-02
4.105263157894736281e+00,5.793684210526316214e+00,9.633845902343288747e-01,9.632923300708723380e-01,9.632093629853551997e-01,0.000000000000000000e+00,-4.259094637352246054e-02
4.105263157894736281e+00,6.319473684210526798e+00,9.618728921492167849e-01,9.617839960400994537e-01,9.617042872263917852e-01,0.000000000000000000e+00,-4.298191738358796837e-02
4.105263157894736281e+00,6.845263157894737382e+00,9.604243155213282312e-01,9.603386312477414366e-01,9.602620651498091631e-01,0.000000000000000000e+00,-4.339076112437298405e-02
4.105263157894736281e+00,7.371052631578947967e+00,9.590478000937880942e-01,9.589650960056147477e-01,9.588913742596015810e-01,0.000000000000000000e+00,-4.378939529609588571e-02
4.105263157894736281e+00,7.896842105263158551e+00,9.577330963518136953e-01,9.576531850333381835e-01,9.575820823938796522e-01,0.000000000000000000e+00,-4.418046176006595882e-02
4.105263157894736281e+00,8.422631578947369135e+00,9.564724882520424520e-01,9.563952089576327475e-01,9.563265477100800771e-01,0.000000000000000000e+00,-4.456707528356613351e-02
4.105263157894736281e+00,8.948421052631578831e+00,9.552624463385543940e-01,9.551876471782145828e-01,9.551212515140959924e-01,0.000000000000000000e+00,-4.494914285913675922e-02
4.105263157894736281e+00,9.474210526315790304e+00,9.540947896999526501e-01,9.540223528519936602e-01,9.539581068597146052e-01,0.000000000000000000e+00,-4.533310555649119195e-02
4.105263157894736281e+00,1.000000000000000000e+01,9.529711828123246242e-01,9.529009682853781804e-01,9.528387115545049468e-01,0.000000000000000000e+00,-4.571033355592676178e-02
4.421052631578946901e+00,1.000000000000000021e-02,8.282030674787069779e-01,7.803049615416238760e-01,7.388805884465013962e-01,0.000000000000000000e+00,-2.583507861023742191e-01
4.421052631578946901e+00,5.357894736842105932e-01,8.295782768466001267e-01,7.736566992664352105e-01,7.268961753617403376e-01,0.000000000000000000e+00,-2.409675327610560081e-01
4.421052631578946901e+00,1.061578947368421177e+00,8.174534872958111320e-01,7.541511356490514517e-01,7.090427879921458176e-01,0.000000000000000000e+00,-2.276889283948507481e-01
4.421052631578946901e+00,1.587368421052631762e+00,9.699961757997260792e-01,9.682145258986222247e-01,9.664394451892337479e-01,0.000000000000000000e+00,-1.890766314791794411e-01
4.421052631578946901e+00,2.113157894736842124e+00,9.831686809632883550e-01,9.829469965858900204e-01,9.827254122241880774e-01,0.000000000000000000e+00,-1.445828045819499141e-01
4.421052631578946901e+00,2.638947368421052708e+00,9.821467129019628706e-01,9.820028406692337120e-01,9.818703851874164279e-01,0.000000000000000000e+00,-7.008608699897451999e-02
4.421052631578946901e+00,3.164736842105263293e+00,9.805847121440169900e-01,9.804496383961903705e-01,9.803230333826222775e-01,0.000000000000000000e+00,-4.061524906973201093e-02
4.421052631578946901e+00,3.690526315789473877e+00,9.790953003056713788e-01,9.789644112267689158e-01,9.788422452745259017e-01,0.000000000000000000e+00,-4.059835759856819659e-02
4.421052631578946901e+00,4.216315789473684461e+00,9.777101211419371163e-01,9.775830494830898276e-01,9.774649345037115244e-01,0.000000000000000000e+00,-4.061053062180085965e-02
4.421052631578946901e+00,4.742105263157895045e+00,9.764185955791132576e-01,9.762949222295521645e-01,9.761803284906397371e-01,0.000000000000000000e+00,-4.063020046836860605e-02
4.421052631578946901e+00,5.267894736842105630e+00,9.751994515121079621e-01,9.750789435210803768e-01,9.749676308715239381e-01,0.000000000000000000e+00,-4.068160307272505188e-02
4.421052631578946901e+00,5.793684210526316214e+00,9.740456923202996942e-01,9.739281101752782499e-01,9.738197960387702246e-01,0.000000000000000000e+00,-4.075160873762830732e-02
4.421052631578946901e+00,6.319473684210526798e+00,9.729454382829733072e-01,9.728306192332011326e-01,9.727251413130303392e-01,0.000000000000000000e+00,-4.084096942405805036e-02
4.421052631578946901e+00,6.845263157894737382e+00,9.718953133325008986e-01,9.717830836814472795e-01,9.716802372006306809e-01,0.000000000000000000e+00,-4.094403231352918004e-02
4.421052631578946901e+00,7.371052631578947967e+00,9.708844053262205565e-01,9.707746665037936262e-01,9.706743773132230357e-01,0.000000000000000000e+00,-4.106760074701318319e-02
4.421052631578946901e+00,7.896842105263158551e+00,9.699172824994487518e-01,9.698098658616077783e-01,9.697119067033481699e-01,0.000000000000000000e+00,-4.120952260816543311e-02
4.421052631578946901e+00,8.422631578947369135e+00,9.689833722576525199e-01,9.688781867134133030e-01,9.687824728512616224e-01,0.000000000000000000e+00,-4.137052857919254478e-02
4.421052631578946901e+00,8.948421052631578831e+00,9.680821047564592829e-01,9.679790474875368256e-01,9.678854619645639312e-01,0.000000000000000000e+00,-4.153339853794830311e-02
4.421052631578946901e+00,9.474210526315790304e+00,9.672100350628708432e-01,9.671090190151265809e-01,9.670174645791403956e-01,0.000000000000000000e+00,-4.169875859965348902e-02
4.421052631578946901e+00,1.000000000000000000e+01,9.663625495907917085e-01,9.662635116693077952e-01,9.661739370655969550e-01,0.000000000000000000e+00,-4.187283076469783261e-02
4.736842105263157521e+00,1.000000000000000021e-02,8.654053361377175291e-01,8.202434530108257960e-01,7.804783088491703547e-01,0.000000000000000000e+00,-2.677726399190345496e-01
4.736842105263157521e+00,5.357894736842105932e-01,8.330099749180971402e-01,7.767335619905141320e-01,7.297300000573706535e-01,0.000000000000000000e+00,-2.353434104331622034e-01
4.736842105263157521e+00,1.061578947368421177e+00,8.226316336097242443e-01,7.598713964630490203e-01,7.118743775874541990e-01,0.000000000000000000e+00,-2.361468195227777456e-01
4.736842105263157521e+00,1.587368421052631762e+00,8.155073495956987051e-01,7.524896092275253912e-01,7.019066020584129317e-01,0.000000000000000000e+00,-2.296943913258333858e-01
4.736842105263157521e+00,2.113157894736842124e+00,8.913735401312505857e-01,8.735589347311085717e-01,8.567405429402225048e-01,0.000000000000000000e+00,-2.217734585632434585e-01
4.736842105263157521e+00,2.638947368421052708e+00,9.630122899803414960e-01,9.599395374240690115e-01,9.568865209433597974e-01,0.000000000000000000e+00,-1.988762183269296158e-01
4.736842105263157521e+00,3.164736842105263293e+00,9.794449185010848380e-01,9.788104055770469047e-01,9.781767158335269441e-01,0.000000000000000000e+00,-1.706189342772324868e-01
4.736842105263157521e+00,3.690526315789473877e+00,9.827473190749591581e-01,9.824632057577052935e-01,9.821792568105104371e-01,0.000000000000000000e+00,-1.532759468713739692e-01
4.736842105263157521e+00,4.216315789473684461e+00,9.840607269884146246e-01,9.839698807125061286e-01,9.838790512131443400e-01,0.000000000000000000e+00,-1.404244346019873912e-01
4.736842105263157521e+00,4.742105263157895045e+00,9.832028977069356968e-01,9.831011557182166571e-01,9.830014182154180880e-01,0.000000000000000000e+00,-1.099416261232511044e-01
4.736842105263157521e+00,5.267894736842105630e+00,9.825178123492354088e-01,9.823769286513014398e-01,9.822440010094695140e-01,0.000000000000000000e+00,-4.066730144465890290e-02
4.736842105263157521e+00,5.793684210526316214e+00,9.816989048750303093e-01,9.815604880483053130e-01,9.814302464656760039e-01,0.000000000000000000e+00,-4.061155192527242386e-02
4.736842105263157521e+00,6.319473684210526798e+00,9.809185793353222271e-01,9.807824329125761631e-01,9.806546245179594834e-01,0.000000000000000000e+00,-4.057640978314275282e-02
4.736842105263157521e+00,6.845263157894737382e+00,9.801630399517967662e-01,9.800292075545394832e-01,9.799039718635484952e-01,0.000000000000000000e+00,-4.060570799281737475e-02
4.736842105263157521e+00,7.371052631578947967e+00,9.794446354644513741e-01,9.793128098670876858e-01,9.791896973524641945e-01,0.000000000000000000e+00,-4.059633279906519482e-02
4.736842105263157521e+00,7.896842105263158551e+00,9.787484804750893330e-01,9.786186332614087435e-01,9.784976553492933382e-01,0.000000000000000000e+00,-4.059743601245404537e-02
4.736842105263157521e+00,8.422631578947369135e+00,9.780778885181310445e-01,9.779498884594369779e-01,9.778308743118019342e-01,0.000000000000000000e+00,-4.060127173685257329e-02
4.736842105263157521e+00,8.948421052631578831e+00,9.774328915298569065e-01,9.773065917779336642e-01,9.771893336732574431e-01,0.000000000000000000e+00,-4.060057454516480258e-02
4.736842105263157521e+00,9.474210526315790304e+00,9.768084055114599762e-01,9.766837274222920362e-01,9.765681301280834115e-01,0.000000000000000000e+00,-4.060390464695987078e-02
4.736842105263157521e+00,1.000000000000000000e+01,9.761987735091270935e-01,9.760757038026196541e-01,9.759617870900122449e-01,0.000000000000000000e+00,-4.062151772708623432e-02
5.052631578947368141e+00,1.000000000000000021e-02,8.256342801439581214e-01,7.655981602129844354e-01,7.164385481103762165e-01,0.000000000000000000e+00,-2.671050999940682846e-01
5.052631578947368141e+00,5.357894736842105932e-01,8.376231526377687642e-01,7.817371741070205937e-01,7.348851429575463667e-01,0.000000000000000000e+00,-2.377907354517826144e-01
5.052631578947368141e+00,1.061578947368421177e+00,8.286346726232830529e-01,7.729506534450024668e-01,7.269509590505734975e-01,0.000000000000000000e+00,-2.347923564335166746e-01
5.052631578947368141e+00,1.587368421052631762e+00,8.236034297794637693e-01,7.615126143372518142e-01,7.112800144841561201e-01,0.000000000000000000e+00,-2.340668707258456716e-01
5.052631578947368141e+00,2.113157894736842124e+00,8.212829858279956374e-01,7.586943974685168568e-01,7.082237529782403618e-01,0.000000000000000000e+00,-2.323972052101526964e-01
5.052631578947368141e+00,2.638947368421052708e+00,8.161117772065510367e-01,7.538045661571838307e-01,7.035770792288835729e-01,0.000000000000000000e+00,-2.305331828570573449e-01
5.052631578947368141e+00,3.164736842105263293e+00,8.172098460537343678e-01,7.539685739558427136e-01,7.032285951273774538e-01,0.000000000000000000e+00,-2.281364872190470849e-01
5.052631578947368141e+00,3.690526315789473877e+00,8.679729135540373841e-01,8.443317508736168930e-01,8.222748796118560799e-01,0.000000000000000000e+00,-2.245680288082293197e-01
5.052631578947368141e+00,4.216315789473684461e+00,9.369263113586109304e-01,9.284623569725968251e-01,9.202983186083620870e-01,0.000000000000000000e+00,-2.124586931231501608e-01
5.052631578947368141e+00,4.742105263157895045e+00,9.618050249842567956e-01,9.583529531537465784e-01,9.549454840039081072e-01,0.000000000000000000e+00,-2.009779548615304723e-01
5.052631578947368141e+00,5.267894736842105630e+00,9.736289800940990391e-01,9.721172480227165957e-01,9.706102251091146549e-01,0.000000000000000000e+00,-1.874342223583267131e-01
5.052631578947368141e+00,5.793684210526316214e+00,9.797685033854085512e-01,9.790889668585452954e-01,9.784103742539621562e-01,0.000000000000000000e+00,-1.725440033435609311e-01
5.052631578947368141e+00,6.319473684210526798e+00,9.818694817222303195e-01,9.814405431425708981e-01,9.810119796624833244e-01,0.000000000000000000e+00,-1.635372972870224317e-01
5.052631578947368141e+00,6.845263157894737382e+00,9.831909697121176128e-01,9.828864354701645212e-01,9.825820899985479029e-01,0.000000000000000000e+00,-1.561607830961765087e-01
5.052631578947368141e+00,7.371052631578947967e+00,9.848495744315810541e-01,9.846449701394531795e-01,9.844404508965142186e-01,0.000000000000000000e+00,-1.447194897829102989e-01
5.052631578947368141e+00,7.896842105263158551e+00,9.848270449803701032e-01,9.847252846478081745e-01,9.846235453490034262e-01,0.000000000000000000e+00,-1.414206980331371988e-01
5.052631578947368141e+00,8.422631578947369135e+00,9.843903759913811280e-01,9.842886549240811300e-01,9.841869548836325032e-01,0.000000000000000000e+00,-1.377789136782938129e-01
5.052631578947368141e+00,8.948421052631578831e+00,9.839427245035087255e-01,9.838364567904052116e-01,9.837321591755777694e-01,0.000000000000000000e+00,-1.102176722968613576e-01
5.052631578947368141e+00,9.474210526315790304e+00,9.836544470301632481e-01,9.835101874769781594e-01,9.833732108161928887e-01,0.000000000000000000e+00,-4.077287728683601231e-02
5.052631578947368141e+00,1.000000000000000000e+01,9.832248181092172468e-01,9.830818325362603582e-01,9.829466460486292467e-01,0.000000000000000000e+00,-4.072326946340763809e-02
5.368421052631578760e+00,1.000000000000000021e-02,8.574275194073610606e-01,8.053025837387609576e-01,7.606680139192901757e-01,0.000000000000000000e+00,-2.678101496457050423e-01
5.368421052631578760e+00,5.357894736842105932e-01,8.488705793275203026e-01,7.941391483982515043e-01,7.504092957255790175e-01,0.000000000000000000e+00,-2.397799285944123282e-01
5.368421052631578760e+00,1.061578947368421177e+00,8.348145829061898171e-01,7.782176750618498007e-01,7.309729725482826401e-01,0.000000000000000000e+00,-2.371701983611113340e-01
5.368421052631578760e+00,1.587368421052631762e+00,8.299034779664345995e-01,7.745921127281863994e-01,7.286395097524364095e-01,0.000000000000000000e+00,-2.360081665599077783e-01
5.368421052631578760e+00,2.113157894736842124e+00,8.285378787864875472e-01,7.709879455665809012e-01,7.232432849391420282e-01,0.000000000000000000e+00,-2.350543837874099762e-01
5.368421052631578760e+00,2.638947368421052708e+00,8.245735005991395861e-01,7.639851945050007975e-01,7.163096808237497948e-01,0.000000000000000000e+00,-2.341006964593237427e-01
5.368421052631578760e+00,3.164736842105263293e+00,8.238973651711148927e-01,7.614501967223953338e-01,7.110714592507213494e-01,0.000000000000000000e+00,-2.333209703644184285e-01
5.368421052631578760e+00,3.690526315789473877e+00,8.222084890601455420e-01,7.595846657230431731e-01,7.090763086358687906e-01,0.000000000000000000e+00,-2.324728136657797650e-01
5.368421052631578760e+00,4.216315789473684461e+00,8.197667626622094916e-01,7.572927955225635666e-01,7.069120791320649966e-01,0.000000000000000000e+00,-2.314841165072225315e-01
5.368421052631578760e+00,4.742105263157895045e+00,8.170168178382360979e-01,7.546315196959247906e-01,7.043420315222741479e-01,0.000000000000000000e+00,-2.304638947205046584e-01
5.368421052631578760e+00,5.267894736842105630e+00,8.163100846318105397e-01,7.532191915786722314e-01,7.025817131404514804e-01,0.000000000000000000e+00,-2.291126751525717209e-01
5.368421052631578760e+00,5.793684210526316214e+00,8.174190514530121909e-01,7.541672802914695106e-01,7.034179571816796539e-01,0.000000000000000000e+00,-2.280779573792990345e-01
5.368421052631578760e+00,6.319473684210526798e+00,8.181811483852349243e-01,7.798408500934336240e-01,7.462326513913254411e-01,0.000000000000000000e+00,-2.268795403245796594e-01
5.368421052631578760e+00,6.845263157894737382e+00,8.695172825520695037e-01,8.457942599238030823e-01,8.237523912047098884e-01,0.000000000000000000e+00,-2.244919302003834660e-01
5.368421052631578760e+00,7.371052631578947967e+00,9.177413651753600909e-01,9.049067856004368027e-01,8.924419960997314050e-01,0.000000000000000000e+00,-2.173004373916584131e-01
5.368421052631578760e+00,7.896842105263158551e+00,9.387978169193171851e-01,9.306543984272112047e-01,9.226548200596110805e-01,0.000000000000000000e+00,-2.124249932634012794e-01
5.368421052631578760e+00,8.422631578947369135e+00,9.551587953761121463e-01,9.502666416072177435e-01,9.454251282337802209e-01,0.000000000000000000e+00,-2.061190962048852493e-01
5.368421052631578760e+00,8.948421052631578831e+00,9.644376141676141989e-01,9.613328312443615298e-01,9.582481693968684100e-01,0.000000000000000000e+00,-2.001140624632734288e-01
5.368421052631578760e+00,9.474210526315790304e+00,9.707955837356254669e-01,9.687502246195295319e-01,9.667135208998720586e-01,0.000000000000000000e+00,-1.935336509522604664e-01
5.368421052631578760e+00,1.000000000000000000e+01,9.755631659685496393e-01,9.742423657255342428e-01,9.729251516557620993e-01,0.000000000000000000e+00,-1.863593863960200936e-01
5.684210526315789380e+00,1.000000000000000021e-02,8.389878445973558696e-01,7.810880858621698231e-01,7.329693281980341757e-01,0.000000000000000000e+00,-2.683907317069696985e-01
5.684210526315789380e+00,5.357894736842105932e-01,8.126928767815803090e-01,7.502744263565510607e-01,7.000673356975325445e-01,0.000000000000000000e+00,-2.507507200000634318e-01
5.684210526315789380e+00,1.061578947368421177e+00,8.494238446390744990e-01,7.969070698890452498e-01,7.522177807801767591e-01,0.000000000000000000e+00,-2.358072549261526485e-01
5.684210526315789380e+00,1.587368421052631762e+00,8.327874391280475352e-01,7.752211411538881825e-01,7.274134626098497369e-01,0.000000000000000000e+00,-2.385314019044583178e-01
5.684210526315789380e+00,2.113157894736842124e+00,8.331966147064161499e-01,7.761590936277159569e-01,7.286552233459054895e-01,0.000000000000000000e+00,-2.371511039833199830e-01
5.684210526315789380e+00,2.638947368421052708e+00,8.234216435735439710e-01,7.662829588584706419e-01,7.188669156508750158e-01,0.000000000000000000e+00,-2.551407028134960453e-01
5.684210526315789380e+00,3.164736842105263293e+00,8.338704916829008384e-01,7.786386825671365308e-01,7.322515469782947539e-01,0.000000000000000000e+00,-2.470912308341538521e-01
5.684210526315789380e+00,3.690526315789473877e+00,8.243802287202154355e-01,7.635811474264020404e-01,7.155890803188764693e-01,0.000000000000000000e+00,-2.352117147703145228e-01
5.684210526315789380e+00,4.216315789473684461e+00,8.244272117593354210e-01,7.626962837129190875e-01,7.140174885584708031e-01,0.000000000000000000e+00,-2.348392187699304412e-01
5.684210526315789380e+00,4.742105263157895045e+00,8.240967341649910738e-01,7.621853137903248365e-01,7.120506052404419473e-01,0.000000000000000000e+00,-2.343251754776676243e-01
5.684210526315789380e+00,5.267894736842105630e+00,8.242181436542930228e-01,7.613750238497850598e-01,7.110852703268518704e-01,0.000000000000000000e+00,-2.336410010949462601e-01
5.684210526315789380e+00,5.793684210526316214e+00,8.242010840874564037e-01,7.617192296683702457e-01,7.112875716615744137e-01,0.000000000000000000e+00,-2.332533856204156153e-01
5.684210526315789380e+00,6.319473684210526798e+00,8.235891886789437066e-01,7.609393822013653663e-01,7.103915561103489873e-01,0.000000000000000000e+00,-2.328345118338426556e-01
5.684210526315789380e+00,6.845263157894737382e+00,8.224237772394727974e-01,7.598037019497286826e-01,7.092942646379284399e-01,0.000000000000000000e+00,-2.323974545460946450e-01
5.684210526315789380e+00,7.371052631578947967e+00,8.212264886479571091e-01,7.586774198061162489e-01,7.082309443989226461e-01,0.000000000000000000e+00,-2.318678753720172792e-01
5.684210526315789380e+00,7.896842105263158551e+00,8.199537066614216441e-01,7.574678648009119941e-01,7.070698254092556700e-01,0.000000000000000000e+00,-2.313093802016629452e-01
5.684210526315789380e+00,8.422631578947369135e+00,8.185804966232680391e-01,7.561275278050140214e-01,7.057700810495561861e-01,0.000000000000000000e+00,-2.307926540910973656e-01
5.684210526315789380e+00,8.948421052631578831e+00,8.170453123660834649e-01,7.546309945169858979e-01,7.043360800851318215e-01,0.000000000000000000e+00,-2.302361361946173302e-01
5.684210526315789380e+00,9.474210526315790304e+00,8.163255815643021274e-01,7.532791657506713312e-01,7.027652838102866895e-01,0.000000000000000000e+00,-2.296011955551608141e-01
5.684210526315789380e+00,1.000000000000000000e+01,8.165730777143288543e-01,7.534496400696214513e-01,7.027895943593248651e-01,0.000000000000000000e+00,-2.287532408738720546e-01
6.000000000000000000e+00,1.000000000000000021e-02,8.411643959623189559e-01,7.852063329319988183e-01,7.382596992471007757e-01,0.000000000000000000e+00,-2.663183974981765956e-01
6.000000000000000000e+00,5.357894736842105932e-01,8.256386222420800669e-01,7.656963397877701860e-01,7.165904164891271355e-01,0.000000000000000000e+00,-2.648399084453028074e-01
6.000000000000000000e+00,1.061578947368421177e+00,8.113298024771776751e-01,7.635523689423043825e-01,7.228397356269365970e-01,0.000000000000000000e+00,-2.706422869851592972e-01
6.000000000000000000e+00,1.587368421052631762e+00,8.496650746203191495e-01,7.968956422853722410e-01,7.519752240206786231e-01,0.000000000000000000e+00,-2.370867368343971826e-01
6.000000000000000000e+00,2.113157894736842124e+00,8.501657200514237678e-01,7.987401321263046805e-01,7.548738306023752287e-01,0.000000000000000000e+00,-2.339232433322514515e-01
6.000000000000000000e+00,2.638947368421052708e+00,8.325838116239768771e-01,7.748371585972364528e-01,7.269103523758576602e-01,0.000000000000000000e+00,-2.392841377032312311e-01
6.000000000000000000e+00,3.164736842105263293e+00,8.334803420602067137e-01,7.761102765403745662e-01,7.283985804880566128e-01,0.000000000000000000e+00,-2.380913893402737680e-01
6.000000000000000000e+00,3.690526315789473877e+00,8.341460745547895073e-01,7.771420302584046702e-01,7.296445225388529243e-01,0.000000000000000000e+00,-2.371160379945133068e-01
6.000000000000000000e+00,4.216315789473684461e+00,8.289898908597379545e-01,7.731459810068578298e-01,7.265743289035550001e-01,0.000000000000000000e+00,-2.370258787184987559e-01
6.000000000000000000e+00,4.742105263157895045e+00,8.303389646692141968e-01,7.726154512516689721e-01,7.247377131149148610e-01,0.000000000000000000e+00,-2.369286133246249759e-01
6.000000000000000000e+00,5.267894736842105630e+00,8.300943851005618823e-01,7.747479783826309863e-01,7.283405194890800738e-01,0.000000000000000000e+00,-2.361157884091723835e-01
6.000000000000000000e+00,5.793684210526316214e+00,8.341063990315683574e-01,7.788790084783799861e-01,7.324914517013670912e-01,0.000000000000000000e+00,-2.475856391296766545e-01
6.000000000000000000e+00,6.319473684210526798e+00,8.328850860240567533e-01,7.756609947977902708e-01,7.282554903805183999e-01,0.000000000000000000e+00,-2.389996620774749170e-01
6.000000000000000000e+00,6.845263157894737382e+00,8.246664299849326696e-01,7.646114915037923732e-01,7.165957440467560779e-01,0.000000000000000000e+00,-2.350625996341269286e-01
6.000000000000000000e+00,7.371052631578947967e+00,8.238375890933961054e-01,7.621431942786583980e-01,7.121295998345016365e-01,0.000000000000000000e+00,-2.346864793906301705e-01
6.000000000000000000e+00,7.896842105263158551e+00,8.240843752167408276e-01,7.622504520506119263e-01,7.121336630569587989e-01,0.000000000000000000e+00,-2.343609211968971928e-01
6.000000000000000000e+00,8.422631578947369135e+00,8.241989668785915102e-01,7.623353805618656720e-01,7.121820257530108167e-01,0.000000000000000000e+00,-2.342744917536055682e-01
6.000000000000000000e+00,8.948421052631578831e+00,8.239848277378216679e-01,7.620427603677927264e-01,7.118690171651739229e-01,0.000000000000000000e+00,-2.339845872816068706e-01
6.000000000000000000e+00,9.474210526315790304e+00,8.240949212943303737e-01,7.617856681634805893e-01,7.115735348449403475e-01,0.000000000000000000e+00,-2.337475250177324104e-01
6.000000000000000000e+00,1.000000000000000000e+01,8.243122101409804392e-01,7.615435222470861021e-01,7.112063002611347384e-01,0.000000000000000000e+00,-2.334995042418576416e-01
