0.000000000000000000e+00,0.000000000000000000e+00,5.964036535634080760e-01,1.845129042135499886e-01,-2.439699691056709696e+00
0.000000000000000000e+00,1.052631578947368363e-01,5.964145172482138157e-01,1.845619677157459559e-01,-2.428763611575740722e+00
0.000000000000000000e+00,2.105263157894736725e-01,5.964258619797937477e-01,1.846014317288757756e-01,-2.419571044846160035e+00
0.000000000000000000e+00,3.157894736842105088e-01,5.964359130863773339e-01,1.846374610739051070e-01,-2.411515865029396632e+00
0.000000000000000000e+00,4.210526315789473450e-01,5.964467058909722619e-01,1.846674129377328111e-01,-2.404233249844755171e+00
0.000000000000000000e+00,5.263157894736841813e-01,5.964587844546652695e-01,1.846913841982537052e-01,-2.397531212231196029e+00
0.000000000000000000e+00,6.315789473684210176e-01,5.974603557606376070e-01,1.847161724937724792e-01,-2.391281480327223097e+00
0.000000000000000000e+00,7.368421052631578538e-01,5.984774068275627856e-01,1.847366854024082294e-01,-2.385437381211363839e+00
0.000000000000000000e+00,8.421052631578946901e-01,5.994099133924822853e-01,1.847460953167605058e-01,-2.379924549986603299e+00
0.000000000000000000e+00,9.473684210526315264e-01,6.002869060496148768e-01,1.847613575996222002e-01,-2.374661000819996204e+00
0.000000000000000000e+00,1.052631578947368363e+00,6.011079580572249448e-01,1.847743564775231606e-01,-2.369642240469182148e+00
0.000000000000000000e+00,1.157894736842105310e+00,6.018792122729895722e-01,1.847824806457052937e-01,-2.364822618501455143e+00
0.000000000000000000e+00,1.263157894736842035e+00,6.026112631720356161e-01,1.847924444669112876e-01,-2.360188001581640549e+00
0.000000000000000000e+00,1.368421052631578760e+00,6.033047145260502786e-01,1.847997039963320542e-01,-2.355719953559456403e+00
0.000000000000000000e+00,1.473684210526315708e+00,6.039654796918247914e-01,1.848058057893134376e-01,-2.351397146508772185e+00
0.000000000000000000e+00,1.578947368421052655e+00,6.045967067821991225e-01,1.848108421513208199e-01,-2.347202299410792836e+00
0.000000000000000000e+00,1.684210526315789380e+00,6.051975784971094230e-01,1.848117558924644577e-01,-2.343138178322563991e+00
0.000000000000000000e+00,1.789473684210526105e+00,6.057756659077436767e-01,1.848135727739319001e-01,-2.339183378643930666e+00
0.000000000000000000e+00,1.894736842105263053e+00,6.063299550968127560e-01,1.848139983490442173e-01,-2.335338343584590692e+00
0.000000000000000000e+00,2.000000000000000000e+00,6.068656568712978983e-01,1.848141822202039597e-01,-2.331573651210854248e+00
3.157894736842105088e-01,0.000000000000000000e+00,6.141748077092376024e-01,1.363317869565545681e-01,-1.995224975234767273e+00
3.157894736842105088e-01,1.052631578947368363e-01,6.142178393522629287e-01,1.363845147941987190e-01,-1.986443394248476491e+00
3.157894736842105088e-01,2.105263157894736725e-01,6.142619183256566862e-01,1.364283447962514328e-01,-1.979081625896644159e+00
3.157894736842105088e-01,3.157894736842105088e-01,6.143108914645243335e-01,1.364636484729863652e-01,-1.972614844219412245e+00
3.157894736842105088e-01,4.210526315789473450e-01,6.143670655463419061e-01,1.364944028177951796e-01,-1.966747502387165003e+00
3.157894736842105088e-01,5.263157894736841813e-01,6.144472802921082666e-01,1.365190853433048690e-01,-1.961417670476214514e+00
3.157894736842105088e-01,6.315789473684210176e-01,6.148615263455721180e-01,1.365415375639859596e-01,-1.956429882829097799e+00
3.157894736842105088e-01,7.368421052631578538e-01,6.154373361149849675e-01,1.365602749731131271e-01,-1.951749340499771224e+00
3.157894736842105088e-01,8.421052631578946901e-01,6.160433880567752762e-01,1.365768114416754941e-01,-1.947321878515816840e+00
3.157894736842105088e-01,9.473684210526315264e-01,6.166423010009314254e-01,1.365901623968230338e-01,-1.943113339718368637e+00
3.157894736842105088e-01,1.052631578947368363e+00,6.172237385269676579e-01,1.366018233264927884e-01,-1.939093977433943961e+00
3.157894736842105088e-01,1.157894736842105310e+00,6.177842225855664227e-01,1.366117263486145705e-01,-1.935224079611611803e+00
3.157894736842105088e-01,1.263157894736842035e+00,6.183214791162537916e-01,1.366191758763796171e-01,-1.931516478259371228e+00
3.157894736842105088e-01,1.368421052631578760e+00,6.188366642899058023e-01,1.366247032460488620e-01,-1.927944106338963737e+00
3.157894736842105088e-01,1.473684210526315708e+00,6.193314583185532962e-01,1.366286461080443160e-01,-1.924482971472283088e+00
3.157894736842105088e-01,1.578947368421052655e+00,6.198070187143305265e-01,1.366312255326678216e-01,-1.921132514355470944e+00
3.157894736842105088e-01,1.684210526315789380e+00,6.202608257862265440e-01,1.366311601956105570e-01,-1.917918956550582310e+00
3.157894736842105088e-01,1.789473684210526105e+00,6.206990742864465505e-01,1.366301147780770164e-01,-1.914773259477543954e+00
3.157894736842105088e-01,1.894736842105263053e+00,6.211227862802874977e-01,1.366280460333950120e-01,-1.911692394816556728e+00
3.157894736842105088e-01,2.000000000000000000e+00,6.215297246616197091e-01,1.366246439219089837e-01,-1.908719223948369459e+00
6.315789473684210176e-01,0.000000000000000000e+00,6.395550194600866378e-01,7.882042785431736531e-02,-1.532519052008472160e+00
6.315789473684210176e-01,1.052631578947368363e-01,6.396026827973855244e-01,7.886446360666637956e-02,-1.527250776463504600e+00
6.315789473684210176e-01,2.105263157894736725e-01,6.396530291554312075e-01,7.890221213611287032e-02,-1.522868885120236326e+00
6.315789473684210176e-01,3.157894736842105088e-01,6.397080091470667140e-01,7.893261249692062886e-02,-1.518979620293889221e+00
6.315789473684210176e-01,4.210526315789473450e-01,6.397687216926453146e-01,7.895945968389544989e-02,-1.515496207654889682e+00
6.315789473684210176e-01,5.263157894736841813e-01,6.398382236538044943e-01,7.898299354947702078e-02,-1.512296193795179544e+00
6.315789473684210176e-01,6.315789473684210176e-01,6.399219215416267481e-01,7.900243041605908845e-02,-1.509301515147968731e+00
6.315789473684210176e-01,7.368421052631578538e-01,6.400265500648182337e-01,7.902046611198654258e-02,-1.506509221861758618e+00
6.315789473684210176e-01,8.421052631578946901e-01,6.401582966874057590e-01,7.903563855363998636e-02,-1.503861443622194427e+00
6.315789473684210176e-01,9.473684210526315264e-01,6.403151910939696156e-01,7.904937262798594766e-02,-1.501345821375160039e+00
6.315789473684210176e-01,1.052631578947368363e+00,6.404920702991654391e-01,7.906037676921717772e-02,-1.498935256034873653e+00
6.315789473684210176e-01,1.157894736842105310e+00,6.406812491968387757e-01,7.907242122385910177e-02,-1.496676100730881975e+00
6.315789473684210176e-01,1.263157894736842035e+00,6.408802499495693805e-01,7.908137649154989290e-02,-1.494468664739279751e+00
6.315789473684210176e-01,1.368421052631578760e+00,6.410839048814587215e-01,7.909038924065669995e-02,-1.492383826138214964e+00
6.315789473684210176e-01,1.473684210526315708e+00,6.412926864234889113e-01,7.909483219131341336e-02,-1.490299663144557307e+00
6.315789473684210176e-01,1.578947368421052655e+00,6.415018484285017752e-01,7.909946263545958312e-02,-1.488301296855818912e+00
6.315789473684210176e-01,1.684210526315789380e+00,6.417117694436502706e-01,7.910168410863499533e-02,-1.486349624721236884e+00
6.315789473684210176e-01,1.789473684210526105e+00,6.419213007165280871e-01,7.910207665639684693e-02,-1.484423252501106516e+00
6.315789473684210176e-01,1.894736842105263053e+00,6.421267403911297134e-01,7.910435949711880355e-02,-1.482610007038494215e+00
6.315789473684210176e-01,2.000000000000000000e+00,6.423305902648263066e-01,7.910443492709151592e-02,-1.480839120450144319e+00
9.473684210526315264e-01,0.000000000000000000e+00,6.688285398025288764e-01,2.406450102080526232e-02,-1.146136869645301593e+00
9.473684210526315264e-01,1.052631578947368363e-01,6.688411807102488948e-01,2.409117267194299528e-02,-1.144052612650013012e+00
9.473684210526315264e-01,2.105263157894736725e-01,6.688591981857940905e-01,2.410943942063575873e-02,-1.142294385555751912e+00
9.473684210526315264e-01,3.157894736842105088e-01,6.688799292651914641e-01,2.412344711148867171e-02,-1.140757394918265000e+00
9.473684210526315264e-01,4.210526315789473450e-01,6.689023658971251507e-01,2.413467309124867066e-02,-1.139369838301998117e+00
9.473684210526315264e-01,5.263157894736841813e-01,6.689261940311026500e-01,2.414350640267620696e-02,-1.138096103713408302e+00
9.473684210526315264e-01,6.315789473684210176e-01,6.689505171371830095e-01,2.415168918402238463e-02,-1.136915009708868718e+00
9.473684210526315264e-01,7.368421052631578538e-01,6.689747415332303326e-01,2.416042349362135244e-02,-1.135820458949204248e+00
9.473684210526315264e-01,8.421052631578946901e-01,6.689985675480696337e-01,2.417038749190703051e-02,-1.134822689938011608e+00
9.473684210526315264e-01,9.473684210526315264e-01,6.690231535103519089e-01,2.417906501398631169e-02,-1.133871818279591048e+00
9.473684210526315264e-01,1.052631578947368363e+00,6.690493806701153234e-01,2.418468201111162452e-02,-1.132929726951994231e+00
9.473684210526315264e-01,1.157894736842105310e+00,6.690778516266072673e-01,2.418604817278174890e-02,-1.131993946690938335e+00
9.473684210526315264e-01,1.263157894736842035e+00,6.691043851327289627e-01,2.419206312137667236e-02,-1.131141706086006060e+00
9.473684210526315264e-01,1.368421052631578760e+00,6.691324407678461705e-01,2.419556933359257034e-02,-1.130303247770131803e+00
9.473684210526315264e-01,1.473684210526315708e+00,6.691617379989808212e-01,2.419717938792759204e-02,-1.129467668166859839e+00
9.473684210526315264e-01,1.578947368421052655e+00,6.691923428474698676e-01,2.419691912816840373e-02,-1.128654269814601818e+00
9.473684210526315264e-01,1.684210526315789380e+00,6.692230501030677070e-01,2.419739168000512031e-02,-1.127867246120675349e+00
9.473684210526315264e-01,1.789473684210526105e+00,6.692525154415385202e-01,2.420147455556292959e-02,-1.127166625186714510e+00
9.473684210526315264e-01,1.894736842105263053e+00,6.692856903918013023e-01,2.419899094299421405e-02,-1.126392140919246998e+00
9.473684210526315264e-01,2.000000000000000000e+00,6.693172652564512992e-01,2.420100937997138324e-02,-1.125697352599189793e+00
1.263157894736842035e+00,0.000000000000000000e+00,6.972116519573163806e-01,0.000000000000000000e+00,-8.661462863697753090e-01
1.263157894736842035e+00,1.052631578947368363e-01,6.972132096692431613e-01,2.910627571559576410e-04,-8.658962991535806841e-01
1.263157894736842035e+00,2.105263157894736725e-01,6.972204615920847282e-01,1.089830872116337446e-03,-8.657153637188320650e-01
1.263157894736842035e+00,3.157894736842105088e-01,6.972284201203505782e-01,1.705917069022233612e-03,-8.655879900955475437e-01
1.263157894736842035e+00,4.210526315789473450e-01,6.972368148397284360e-01,2.229134599869342370e-03,-8.654967853867521210e-01
1.263157894736842035e+00,5.263157894736841813e-01,6.972447060330183577e-01,2.673972085638742779e-03,-8.654361478845276068e-01
1.263157894736842035e+00,6.315789473684210176e-01,6.972519107519076220e-01,3.082738744052737623e-03,-8.653977033168974708e-01
1.263157894736842035e+00,7.368421052631578538e-01,6.972637561139455320e-01,3.404780269019358485e-03,-8.653038696484665060e-01
1.263157894736842035e+00,8.421052631578946901e-01,6.972755080406407568e-01,3.681904339719321850e-03,-8.652108942734417774e-01
1.263157894736842035e+00,9.473684210526315264e-01,6.972813138687240508e-01,3.944783778102978200e-03,-8.652125535609707097e-01
1.263157894736842035e+00,1.052631578947368363e+00,6.972909778195921504e-01,4.163965190707663577e-03,-8.651705507854384747e-01
1.263157894736842035e+00,1.157894736842105310e+00,6.972988478336067386e-01,4.381836956126206051e-03,-8.651439881907467822e-01
1.263157894736842035e+00,1.263157894736842035e+00,6.973111196729827599e-01,4.564828251767794054e-03,-8.650619478940534401e-01
1.263157894736842035e+00,1.368421052631578760e+00,6.973207205337587089e-01,4.730456985844733175e-03,-8.650118058517048958e-01
1.263157894736842035e+00,1.473684210526315708e+00,6.973284608428481635e-01,4.877901877457679891e-03,-8.649893399672097249e-01
1.263157894736842035e+00,1.578947368421052655e+00,6.973392338080501851e-01,5.018525581488186837e-03,-8.649263847799256721e-01
1.263157894736842035e+00,1.684210526315789380e+00,6.973485020422347525e-01,5.148840768912310573e-03,-8.648739621336107852e-01
1.263157894736842035e+00,1.789473684210526105e+00,6.973553635264370110e-01,5.272128705358092304e-03,-8.648614995754917434e-01
1.263157894736842035e+00,1.894736842105263053e+00,6.973662569611022155e-01,5.380396671919640550e-03,-8.647912260225069092e-01
1.263157894736842035e+00,2.000000000000000000e+00,6.973747651532490321e-01,5.483696357912182240e-03,-8.647480478195566089e-01
1.578947368421052655e+00,0.000000000000000000e+00,7.236452537603728086e-01,0.000000000000000000e+00,-6.635147071717878431e-01
1.578947368421052655e+00,1.052631578947368363e-01,7.236713149709513848e-01,0.000000000000000000e+00,-6.642274496752790247e-01
1.578947368421052655e+00,2.105263157894736725e-01,7.236834070568975985e-01,0.000000000000000000e+00,-6.649592287790055956e-01
1.578947368421052655e+00,3.157894736842105088e-01,7.236982945435641579e-01,0.000000000000000000e+00,-6.655823554496701489e-01
1.578947368421052655e+00,4.210526315789473450e-01,7.237094168809576900e-01,0.000000000000000000e+00,-6.661722927789199833e-01
1.578947368421052655e+00,5.263157894736841813e-01,7.237207377466784441e-01,0.000000000000000000e+00,-6.667009487708175364e-01
1.578947368421052655e+00,6.315789473684210176e-01,7.237275592756079456e-01,0.000000000000000000e+00,-6.672302159651301023e-01
1.578947368421052655e+00,7.368421052631578538e-01,7.237368107717143673e-01,2.931483522355948779e-05,-6.676944146411653014e-01
1.578947368421052655e+00,8.421052631578946901e-01,7.237455470054146023e-01,3.299297549829716125e-04,-6.681419257508508514e-01
1.578947368421052655e+00,9.473684210526315264e-01,7.237545527168820492e-01,6.004941161579790965e-04,-6.685522602458148222e-01
1.578947368421052655e+00,1.052631578947368363e+00,7.237642525100701496e-01,8.484006600709692592e-04,-6.689406657726778560e-01
1.578947368421052655e+00,1.157894736842105310e+00,7.237720415545610964e-01,1.068696115551770465e-03,-6.693182877472898529e-01
1.578947368421052655e+00,1.263157894736842035e+00,7.237821215399031782e-01,1.275445830802468539e-03,-6.696649728696025816e-01
1.578947368421052655e+00,1.368421052631578760e+00,7.237895069073950749e-01,1.466885583363941592e-03,-6.700161196393633611e-01
1.578947368421052655e+00,1.473684210526315708e+00,7.237949852190674882e-01,1.638858764032025128e-03,-6.703722621397474324e-01
1.578947368421052655e+00,1.578947368421052655e+00,7.238070542275921726e-01,1.799647541202820111e-03,-6.706514572491638626e-01
1.578947368421052655e+00,1.684210526315789380e+00,7.238148027061290790e-01,1.950238167972295766e-03,-6.709565208064038888e-01
1.578947368421052655e+00,1.789473684210526105e+00,7.238195538275303820e-01,2.089566789008512337e-03,-6.712834754858643116e-01
1.578947368421052655e+00,1.894736842105263053e+00,7.238262361473245532e-01,2.215647148988919568e-03,-6.715736847938968967e-01
1.578947368421052655e+00,2.000000000000000000e+00,7.238313116729029328e-01,2.339353637765662075e-03,-6.718861658851441598e-01
1.894736842105263053e+00,0.000000000000000000e+00,7.498352423347329765e-01,0.000000000000000000e+00,-5.061600168368028951e-01
1.894736842105263053e+00,1.052631578947368363e-01,7.498774269041561524e-01,0.000000000000000000e+00,-5.074472950110124891e-01
1.894736842105263053e+00,2.105263157894736725e-01,7.499054362269952367e-01,0.000000000000000000e+00,-5.086279520041211422e-01
1.894736842105263053e+00,3.157894736842105088e-01,7.499277524753137358e-01,0.000000000000000000e+00,-5.096625856139287425e-01
1.894736842105263053e+00,4.210526315789473450e-01,7.499499162656977358e-01,0.000000000000000000e+00,-5.105642901337046347e-01
1.894736842105263053e+00,5.263157894736841813e-01,7.499688653196222576e-01,0.000000000000000000e+00,-5.113832275009538852e-01
1.894736842105263053e+00,6.315789473684210176e-01,7.499874949137569358e-01,0.000000000000000000e+00,-5.121352153587753753e-01
1.894736842105263053e+00,7.368421052631578538e-01,7.500055110146064408e-01,0.000000000000000000e+00,-5.128260289923857185e-01
1.894736842105263053e+00,8.421052631578946901e-01,7.500216693118051392e-01,0.000000000000000000e+00,-5.134908436430064560e-01
1.894736842105263053e+00,9.473684210526315264e-01,7.500361593913911218e-01,0.000000000000000000e+00,-5.141195925101013087e-01
1.894736842105263053e+00,1.052631578947368363e+00,7.500493228819016256e-01,0.000000000000000000e+00,-5.147258300472511428e-01
1.894736842105263053e+00,1.157894736842105310e+00,7.500625051249649733e-01,0.000000000000000000e+00,-5.152993089979582830e-01
1.894736842105263053e+00,1.263157894736842035e+00,7.500756226435401075e-01,0.000000000000000000e+00,-5.158467847146838148e-01
1.894736842105263053e+00,1.368421052631578760e+00,7.500860897783131476e-01,0.000000000000000000e+00,-5.163978419631728434e-01
1.894736842105263053e+00,1.473684210526315708e+00,7.500955552910901769e-01,0.000000000000000000e+00,-5.169302871095363683e-01
1.894736842105263053e+00,1.578947368421052655e+00,7.501048200434099478e-01,0.000000000000000000e+00,-5.174445785582841850e-01
1.894736842105263053e+00,1.684210526315789380e+00,7.501176188620921614e-01,0.000000000000000000e+00,-5.179226665798530860e-01
1.894736842105263053e+00,1.789473684210526105e+00,7.501283032182252120e-01,0.000000000000000000e+00,-5.183792764797691133e-01
1.894736842105263053e+00,1.894736842105263053e+00,7.501377164405998998e-01,1.176832262399507556e-04,-5.188408716230301643e-01
1.894736842105263053e+00,2.000000000000000000e+00,7.501436348236840690e-01,2.382064033325526076e-04,-5.193207774884982530e-01
2.210526315789473450e+00,0.000000000000000000e+00,7.775233680301355532e-01,0.000000000000000000e+00,-3.778504251248614998e-01
2.210526315789473450e+00,1.052631578947368363e-01,7.775732447072655207e-01,0.000000000000000000e+00,-3.794453691859446254e-01
2.210526315789473450e+00,2.105263157894736725e-01,7.776043481979325600e-01,0.000000000000000000e+00,-3.808101083516184926e-01
2.210526315789473450e+00,3.157894736842105088e-01,7.776332113554762504e-01,0.000000000000000000e+00,-3.819668691047652387e-01
2.210526315789473450e+00,4.210526315789473450e-01,7.776639602614896507e-01,0.000000000000000000e+00,-3.829438841941956162e-01
2.210526315789473450e+00,5.263157894736841813e-01,7.776878078051125964e-01,0.000000000000000000e+00,-3.838568784094825159e-01
2.210526315789473450e+00,6.315789473684210176e-01,7.777097847221100535e-01,0.000000000000000000e+00,-3.847294381285421561e-01
2.210526315789473450e+00,7.368421052631578538e-01,7.777251710967018061e-01,0.000000000000000000e+00,-3.855817264419867385e-01
2.210526315789473450e+00,8.421052631578946901e-01,7.777447825040776364e-01,0.000000000000000000e+00,-3.863528376380369611e-01
2.210526315789473450e+00,9.473684210526315264e-01,7.777603928773858533e-01,0.000000000000000000e+00,-3.870995758612039706e-01
2.210526315789473450e+00,1.052631578947368363e+00,7.777740071829498669e-01,0.000000000000000000e+00,-3.878157359913888547e-01
2.210526315789473450e+00,1.157894736842105310e+00,7.777903429761351406e-01,0.000000000000000000e+00,-3.884745718032271977e-01
2.210526315789473450e+00,1.263157894736842035e+00,7.777997463340892148e-01,0.000000000000000000e+00,-3.891510687976111882e-01
2.210526315789473450e+00,1.368421052631578760e+00,7.778138273524337620e-01,0.000000000000000000e+00,-3.897686680665612968e-01
2.210526315789473450e+00,1.473684210526315708e+00,7.778254213396903483e-01,0.000000000000000000e+00,-3.903788533694982910e-01
2.210526315789473450e+00,1.578947368421052655e+00,7.778385438781275640e-01,0.000000000000000000e+00,-3.909573206745030616e-01
2.210526315789473450e+00,1.684210526315789380e+00,7.778463936286952318e-01,0.000000000000000000e+00,-3.915522570900813459e-01
2.210526315789473450e+00,1.789473684210526105e+00,7.778591092158564368e-01,0.000000000000000000e+00,-3.920972508784227317e-01
2.210526315789473450e+00,1.894736842105263053e+00,7.778699763813354817e-01,0.000000000000000000e+00,-3.926389214597149069e-01
2.210526315789473450e+00,2.000000000000000000e+00,7.778807356833777886e-01,0.000000000000000000e+00,-3.931659939627932809e-01
2.526315789473684070e+00,0.000000000000000000e+00,8.072051975304787019e-01,0.000000000000000000e+00,-2.735873109998003816e-01
2.526315789473684070e+00,1.052631578947368363e-01,8.072480297868394050e-01,0.000000000000000000e+00,-2.752659877187337290e-01
2.526315789473684070e+00,2.105263157894736725e-01,8.072826819068953386e-01,0.000000000000000000e+00,-2.766768172336085407e-01
2.526315789473684070e+00,3.157894736842105088e-01,8.073192696469224661e-01,0.000000000000000000e+00,-2.778727027928014626e-01
2.526315789473684070e+00,4.210526315789473450e-01,8.073477989847773761e-01,0.000000000000000000e+00,-2.789580092769717301e-01
2.526315789473684070e+00,5.263157894736841813e-01,8.073735089634908046e-01,0.000000000000000000e+00,-2.799558799314654234e-01
2.526315789473684070e+00,6.315789473684210176e-01,8.074008667505474524e-01,0.000000000000000000e+00,-2.808526006270933295e-01
2.526315789473684070e+00,7.368421052631578538e-01,8.074213330033814806e-01,0.000000000000000000e+00,-2.817176408937197563e-01
2.526315789473684070e+00,8.421052631578946901e-01,8.074414977674545524e-01,0.000000000000000000e+00,-2.825308744439796738e-01
2.526315789473684070e+00,9.473684210526315264e-01,8.074588096841642804e-01,0.000000000000000000e+00,-2.832994112871891068e-01
2.526315789473684070e+00,1.052631578947368363e+00,8.074796540612643181e-01,0.000000000000000000e+00,-2.840049815808374789e-01
2.526315789473684070e+00,1.157894736842105310e+00,8.074959801600020137e-01,0.000000000000000000e+00,-2.846994911996538202e-01
2.526315789473684070e+00,1.263157894736842035e+00,8.075120288931341150e-01,0.000000000000000000e+00,-2.853687314491367144e-01
2.526315789473684070e+00,1.368421052631578760e+00,8.075313916732035358e-01,0.000000000000000000e+00,-2.859950709568531702e-01
2.526315789473684070e+00,1.473684210526315708e+00,8.075484426179321273e-01,0.000000000000000000e+00,-2.866165587543728632e-01
2.526315789473684070e+00,1.578947368421052655e+00,8.075565244942527476e-01,0.000000000000000000e+00,-2.872634155538048017e-01
2.526315789473684070e+00,1.684210526315789380e+00,8.075740807721457637e-01,0.000000000000000000e+00,-2.878358135589618727e-01
2.526315789473684070e+00,1.789473684210526105e+00,8.075809081173281889e-01,0.000000000000000000e+00,-2.884521101805627707e-01
2.526315789473684070e+00,1.894736842105263053e+00,8.075930681700514979e-01,0.000000000000000000e+00,-2.890214554940088720e-01
2.526315789473684070e+00,2.000000000000000000e+00,8.076074124904868423e-01,0.000000000000000000e+00,-2.895655219948727321e-01
2.842105263157894690e+00,0.000000000000000000e+00,8.383980881646210248e-01,0.000000000000000000e+00,-1.925312211269524787e-01
2.842105263157894690e+00,1.052631578947368363e-01,8.384344733578821263e-01,0.000000000000000000e+00,-1.941455378874922533e-01
2.842105263157894690e+00,2.105263157894736725e-01,8.384741419243297855e-01,0.000000000000000000e+00,-1.954846125642024923e-01
2.842105263157894690e+00,3.157894736842105088e-01,8.385090200918753345e-01,0.000000000000000000e+00,-1.966565051515508367e-01
2.842105263157894690e+00,4.210526315789473450e-01,8.385408213497975716e-01,0.000000000000000000e+00,-1.977184019456835473e-01
2.842105263157894690e+00,5.263157894736841813e-01,8.385658710227377188e-01,0.000000000000000000e+00,-1.987058939405504654e-01
2.842105263157894690e+00,6.315789473684210176e-01,8.385929860055760798e-01,0.000000000000000000e+00,-1.996005011261399176e-01
2.842105263157894690e+00,7.368421052631578538e-01,8.386125988606135673e-01,0.000000000000000000e+00,-2.004596807175497986e-01
2.842105263157894690e+00,8.421052631578946901e-01,8.386256018900833942e-01,0.000000000000000000e+00,-2.012897054000316321e-01
2.842105263157894690e+00,9.473684210526315264e-01,8.386421954950376012e-01,0.000000000000000000e+00,-2.020562851491899126e-01
2.842105263157894690e+00,1.052631578947368363e+00,8.386538122114192140e-01,0.000000000000000000e+00,-2.028113852617052792e-01
2.842105263157894690e+00,1.157894736842105310e+00,8.386661134346194979e-01,0.000000000000000000e+00,-2.035206046406797809e-01
2.842105263157894690e+00,1.263157894736842035e+00,8.386777738877396748e-01,0.000000000000000000e+00,-2.042023410859533927e-01
2.842105263157894690e+00,1.368421052631578760e+00,7.953386385184553209e-01,0.000000000000000000e+00,-3.463277468407005011e-01
2.842105263157894690e+00,1.473684210526315708e+00,7.657882495070567064e-01,0.000000000000000000e+00,-3.495774167461020987e-01
2.842105263157894690e+00,1.578947368421052655e+00,7.537845588638270033e-01,0.000000000000000000e+00,-3.496898738082413471e-01
2.842105263157894690e+00,1.684210526315789380e+00,7.453603299952041850e-01,0.000000000000000000e+00,-3.497376851281881471e-01
2.842105263157894690e+00,1.789473684210526105e+00,7.786094318138871984e-01,0.000000000000000000e+00,-3.497075436861877828e-01
2.842105263157894690e+00,1.894736842105263053e+00,7.764621160274013389e-01,0.000000000000000000e+00,-3.498699329784033529e-01
2.842105263157894690e+00,2.000000000000000000e+00,7.736382170818323356e-01,0.000000000000000000e+00,-3.504079443770340418e-01
3.157894736842105310e+00,0.000000000000000000e+00,8.697124624429133366e-01,0.000000000000000000e+00,-1.336103066458562139e-01
3.157894736842105310e+00,1.052631578947368363e-01,8.697323352883633563e-01,0.000000000000000000e+00,-1.351375025474390590e-01
3.157894736842105310e+00,2.105263157894736725e-01,8.697504636700029712e-01,0.000000000000000000e+00,-1.363806361115205978e-01
3.157894736842105310e+00,3.157894736842105088e-01,8.697685342833760824e-01,0.000000000000000000e+00,-1.374721510042923867e-01
3.157894736842105310e+00,4.210526315789473450e-01,8.697901421401065258e-01,0.000000000000000000e+00,-1.384318308155514932e-01
3.157894736842105310e+00,5.263157894736841813e-01,8.698059076012343294e-01,0.000000000000000000e+00,-1.393336108735450107e-01
3.157894736842105310e+00,6.315789473684210176e-01,8.698202407529921354e-01,0.000000000000000000e+00,-1.401831238861465379e-01
3.157894736842105310e+00,7.368421052631578538e-01,8.698319660029142364e-01,0.000000000000000000e+00,-1.409897387970718841e-01
3.157894736842105310e+00,8.421052631578946901e-01,8.698431506709244365e-01,0.000000000000000000e+00,-1.417525937504545419e-01
3.157894736842105310e+00,9.473684210526315264e-01,8.067698055146801384e-01,0.000000000000000000e+00,-2.750081585391938033e-01
3.157894736842105310e+00,1.052631578947368363e+00,7.895664064235674573e-01,0.000000000000000000e+00,-2.763519469692552466e-01
3.157894736842105310e+00,1.157894736842105310e+00,7.786896385598516268e-01,0.000000000000000000e+00,-2.771429911267466184e-01
3.157894736842105310e+00,1.263157894736842035e+00,7.738529993055431877e-01,0.000000000000000000e+00,-2.775370489349531233e-01
3.157894736842105310e+00,1.368421052631578760e+00,7.664453712897716375e-01,0.000000000000000000e+00,-2.783745169659374574e-01
3.157894736842105310e+00,1.473684210526315708e+00,7.549926838039531241e-01,0.000000000000000000e+00,-2.790309715788251155e-01
3.157894736842105310e+00,1.578947368421052655e+00,7.513491743338742701e-01,0.000000000000000000e+00,-2.799730530380165616e-01
3.157894736842105310e+00,1.684210526315789380e+00,7.784290994677640629e-01,0.000000000000000000e+00,-2.815432865231236037e-01
3.157894736842105310e+00,1.789473684210526105e+00,7.343313698222737607e-01,0.000000000000000000e+00,-2.836314266014144936e-01
3.157894736842105310e+00,1.894736842105263053e+00,7.412950755424436711e-01,0.000000000000000000e+00,-2.860512679882502574e-01
3.157894736842105310e+00,2.000000000000000000e+00,7.773282846259743639e-01,0.000000000000000000e+00,-2.896583408921589164e-01
3.473684210526315486e+00,0.000000000000000000e+00,8.989400557150520887e-01,0.000000000000000000e+00,-9.413538751742155097e-02
3.473684210526315486e+00,1.052631578947368363e-01,8.989413863226893842e-01,0.000000000000000000e+00,-9.540886165279162390e-02
3.473684210526315486e+00,2.105263157894736725e-01,8.989449835712572945e-01,0.000000000000000000e+00,-9.649779471358603533e-02
3.473684210526315486e+00,3.157894736842105088e-01,8.989542711057267876e-01,0.000000000000000000e+00,-9.745420678844314566e-02
3.473684210526315486e+00,4.210526315789473450e-01,8.989632245708881753e-01,0.000000000000000000e+00,-9.833767853479427612e-02
3.473684210526315486e+00,5.263157894736841813e-01,8.647371394146841084e-01,0.000000000000000000e+00,-2.074548904775909419e-01
3.473684210526315486e+00,6.315789473684210176e-01,8.362610707730987469e-01,0.000000000000000000e+00,-2.244190918869699292e-01
3.473684210526315486e+00,7.368421052631578538e-01,8.259308679226760042e-01,0.000000000000000000e+00,-2.260904421029623912e-01
3.473684210526315486e+00,8.421052631578946901e-01,8.110357062075537193e-01,0.000000000000000000e+00,-2.275113997803681065e-01
3.473684210526315486e+00,9.473684210526315264e-01,8.015478097349801878e-01,0.000000000000000000e+00,-2.293316102440358939e-01
3.473684210526315486e+00,1.052631578947368363e+00,7.837433159365732038e-01,0.000000000000000000e+00,-2.324351154086068405e-01
3.473684210526315486e+00,1.157894736842105310e+00,7.800582287112912683e-01,0.000000000000000000e+00,-2.360675589847370526e-01
3.473684210526315486e+00,1.263157894736842035e+00,7.475438735101654908e-01,0.000000000000000000e+00,-2.405849256262576064e-01
3.473684210526315486e+00,1.368421052631578760e+00,7.406653238731193412e-01,0.000000000000000000e+00,-2.458705574600379140e-01
3.473684210526315486e+00,1.473684210526315708e+00,7.434224406794700535e-01,0.000000000000000000e+00,-2.508860191960263775e-01
3.473684210526315486e+00,1.578947368421052655e+00,7.358424609915349413e-01,0.000000000000000000e+00,-2.563932779919210758e-01
3.473684210526315486e+00,1.684210526315789380e+00,7.352676204923266345e-01,0.000000000000000000e+00,-2.634870801329401435e-01
3.473684210526315486e+00,1.789473684210526105e+00,7.327106460874864835e-01,0.000000000000000000e+00,-2.703688709546880342e-01
3.473684210526315486e+00,1.894736842105263053e+00,7.281803839195606365e-01,0.000000000000000000e+00,-2.774625364057952681e-01
3.473684210526315486e+00,2.000000000000000000e+00,7.269450786686121324e-01,0.000000000000000000e+00,-2.842496674803502432e-01
3.789473684210526105e+00,0.000000000000000000e+00,9.240745472459549470e-01,0.000000000000000000e+00,-6.964948977642719530e-02
3.789473684210526105e+00,1.052631578947368363e-01,9.240732445654395999e-01,0.000000000000000000e+00,-7.060761290250922029e-02
3.789473684210526105e+00,2.105263157894736725e-01,9.240732087770402448e-01,0.000000000000000000e+00,-7.157643054797233062e-02
3.789473684210526105e+00,3.157894736842105088e-01,8.811358719385032900e-01,0.000000000000000000e+00,-1.875016157346627854e-01
3.789473684210526105e+00,4.210526315789473450e-01,8.642227737836786217e-01,0.000000000000000000e+00,-1.920311301292541850e-01
3.789473684210526105e+00,5.263157894736841813e-01,8.507279821143327592e-01,0.000000000000000000e+00,-1.944598181743411036e-01
3.789473684210526105e+00,6.315789473684210176e-01,8.310495169461552534e-01,0.000000000000000000e+00,-1.983473172327729628e-01
3.789473684210526105e+00,7.368421052631578538e-01,7.887808173380341792e-01,0.000000000000000000e+00,-2.060484186195287171e-01
3.789473684210526105e+00,8.421052631578946901e-01,7.718794522755727527e-01,0.000000000000000000e+00,-2.118984303008677461e-01
3.789473684210526105e+00,9.473684210526315264e-01,7.608386360156367267e-01,0.000000000000000000e+00,-2.184223449098370295e-01
3.789473684210526105e+00,1.052631578947368363e+00,8.286144804200590297e-01,0.000000000000000000e+00,-2.264731678698898298e-01
3.789473684210526105e+00,1.157894736842105310e+00,7.506008098171547127e-01,0.000000000000000000e+00,-2.351155944213827176e-01
3.789473684210526105e+00,1.263157894736842035e+00,7.467040252994322502e-01,0.000000000000000000e+00,-2.443547648348496637e-01
3.789473684210526105e+00,1.368421052631578760e+00,7.409982640273024002e-01,0.000000000000000000e+00,-2.530662737005748286e-01
3.789473684210526105e+00,1.473684210526315708e+00,7.370070714878047546e-01,0.000000000000000000e+00,-2.606992250067915462e-01
3.789473684210526105e+00,1.578947368421052655e+00,7.348450796770714666e-01,0.000000000000000000e+00,-2.671827485504010835e-01
3.789473684210526105e+00,1.684210526315789380e+00,7.302023862343028915e-01,0.000000000000000000e+00,-2.723371186857271864e-01
3.789473684210526105e+00,1.789473684210526105e+00,7.256662242074000124e-01,0.000000000000000000e+00,-2.762708967152973094e-01
3.789473684210526105e+00,1.894736842105263053e+00,7.239052878235276989e-01,0.000000000000000000e+00,-2.791333564533389766e-01
3.789473684210526105e+00,2.000000000000000000e+00,7.220107372726652928e-01,0.000000000000000000e+00,-2.811951753153766886e-01
4.105263157894736281e+00,0.000000000000000000e+00,9.442328043725423115e-01,0.000000000000000000e+00,-5.526706054885089509e-02
4.105263157894736281e+00,1.052631578947368363e-01,9.442352784851205660e-01,0.000000000000000000e+00,-5.565827290226985774e-02
4.105263157894736281e+00,2.105263157894736725e-01,8.903310053126036738e-01,0.000000000000000000e+00,-1.708412915307640778e-01
4.105263157894736281e+00,3.157894736842105088e-01,8.770489900132315553e-01,0.000000000000000000e+00,-1.748662784741693010e-01
4.105263157894736281e+00,4.210526315789473450e-01,8.154126500012945922e-01,0.000000000000000000e+00,-1.828852612026970192e-01
4.105263157894736281e+00,5.263157894736841813e-01,8.054768416478939042e-01,0.000000000000000000e+00,-1.934513050571952941e-01
4.105263157894736281e+00,6.315789473684210176e-01,7.966814949566293214e-01,0.000000000000000000e+00,-2.027924406008986269e-01
4.105263157894736281e+00,7.368421052631578538e-01,7.906924807386864762e-01,0.000000000000000000e+00,-2.130415624480593850e-01
4.105263157894736281e+00,8.421052631578946901e-01,7.858052067044738465e-01,0.000000000000000000e+00,-2.250884881411640837e-01
4.105263157894736281e+00,9.473684210526315264e-01,7.805858941699920228e-01,0.000000000000000000e+00,-2.358766893944830578e-01
4.105263157894736281e+00,1.052631578947368363e+00,7.758721806848256630e-01,0.000000000000000000e+00,-2.449990257815685413e-01
4.105263157894736281e+00,1.157894736842105310e+00,7.711950311660347168e-01,0.000000000000000000e+00,-2.519019276444949273e-01
4.105263157894736281e+00,1.263157894736842035e+00,7.649171478147107628e-01,0.000000000000000000e+00,-2.566817339860652525e-01
4.105263157894736281e+00,1.368421052631578760e+00,7.626170723929114326e-01,0.000000000000000000e+00,-2.596857090679393076e-01
4.105263157894736281e+00,1.473684210526315708e+00,7.568797574376544546e-01,0.000000000000000000e+00,-2.616684688046397866e-01
4.105263157894736281e+00,1.578947368421052655e+00,7.533462243508671774e-01,0.000000000000000000e+00,-2.629859349801120794e-01
4.105263157894736281e+00,1.684210526315789380e+00,7.504966028117667776e-01,0.000000000000000000e+00,-2.639510395659721009e-01
4.105263157894736281e+00,1.789473684210526105e+00,7.563516722189634889e-01,0.000000000000000000e+00,-2.648463841966292587e-01
4.105263157894736281e+00,1.894736842105263053e+00,7.587609240024697499e-01,0.000000000000000000e+00,-2.658528662625391781e-01
4.105263157894736281e+00,2.000000000000000000e+00,7.568559617607721890e-01,0.000000000000000000e+00,-2.674387923956725865e-01
4.421052631578946901e+00,0.000000000000000000e+00,9.596181695356317265e-01,0.000000000000000000e+00,-4.643826366865617949e-02
4.421052631578946901e+00,1.052631578947368363e-01,9.150804511434799116e-01,0.000000000000000000e+00,-1.597692208344558829e-01
4.421052631578946901e+00,2.105263157894736725e-01,9.141455117353750603e-01,0.000000000000000000e+00,-1.669169663294568229e-01
4.421052631578946901e+00,3.157894736842105088e-01,9.127719286547506528e-01,0.000000000000000000e+00,-1.791123860398249334e-01
4.421052631578946901e+00,4.210526315789473450e-01,9.117051865548227996e-01,0.000000000000000000e+00,-1.925121040796997640e-01
4.421052631578946901e+00,5.263157894736841813e-01,9.105711795246846929e-01,0.000000000000000000e+00,-2.078909150003009076e-01
4.421052631578946901e+00,6.315789473684210176e-01,9.092367987042263566e-01,0.000000000000000000e+00,-2.218840398871118613e-01
4.421052631578946901e+00,7.368421052631578538e-01,9.079908084962396986e-01,0.000000000000000000e+00,-2.329066128796667967e-01
4.421052631578946901e+00,8.421052631578946901e-01,9.060395729986318036e-01,0.000000000000000000e+00,-2.396369753338133957e-01
4.421052631578946901e+00,9.473684210526315264e-01,9.056877269821298482e-01,0.000000000000000000e+00,-2.433238457257203557e-01
4.421052631578946901e+00,1.052631578947368363e+00,9.036442635758675790e-01,0.000000000000000000e+00,-2.452827644516785144e-01
4.421052631578946901e+00,1.157894736842105310e+00,9.025165108341252074e-01,0.000000000000000000e+00,-2.465012333281006163e-01
4.421052631578946901e+00,1.263157894736842035e+00,8.451338627182904961e-01,0.000000000000000000e+00,-2.509990116678194605e-01
4.421052631578946901e+00,1.368421052631578760e+00,8.365491364344296299e-01,0.000000000000000000e+00,-2.526897723383497163e-01
4.421052631578946901e+00,1.473684210526315708e+00,8.989998491254926893e-01,0.000000000000000000e+00,-2.524624494205003344e-01
4.421052631578946901e+00,1.578947368421052655e+00,8.181354933513012018e-01,0.000000000000000000e+00,-2.875426329292586347e-01
4.421052631578946901e+00,1.684210526315789380e+00,8.174958205796790667e-01,0.000000000000000000e+00,-2.858149065379486098e-01
4.421052631578946901e+00,1.789473684210526105e+00,7.580944902305424282e-01,0.000000000000000000e+00,-2.859809140771784608e-01
4.421052631578946901e+00,1.894736842105263053e+00,7.533239755677006988e-01,0.000000000000000000e+00,-2.855507117667970274e-01
4.421052631578946901e+00,2.000000000000000000e+00,9.111828445071264992e-01,0.000000000000000000e+00,-2.764448003501066564e-01
4.736842105263157521e+00,0.000000000000000000e+00,9.250723805087794904e-01,0.000000000000000000e+00,-1.543322104373834880e-01
4.736842105263157521e+00,1.052631578947368363e-01,9.243619372227613873e-01,0.000000000000000000e+00,-1.663837552286719923e-01
4.736842105263157521e+00,2.105263157894736725e-01,9.226108317070262910e-01,0.000000000000000000e+00,-1.817569214104583220e-01
4.736842105263157521e+00,3.157894736842105088e-01,9.210936874757762460e-01,0.000000000000000000e+00,-2.025363089742331368e-01
4.736842105263157521e+00,4.210526315789473450e-01,9.190890502084082536e-01,0.000000000000000000e+00,-2.209149802362082582e-01
4.736842105263157521e+00,5.263157894736841813e-01,9.181519912495397229e-01,0.000000000000000000e+00,-2.313190970549590664e-01
4.736842105263157521e+00,6.315789473684210176e-01,9.174545736340533608e-01,0.000000000000000000e+00,-2.359669912242118028e-01
4.736842105263157521e+00,7.368421052631578538e-01,9.168204612517288910e-01,0.000000000000000000e+00,-2.378959046872426708e-01
4.736842105263157521e+00,8.421052631578946901e-01,9.162984002765357516e-01,0.000000000000000000e+00,-2.390931383733714000e-01
4.736842105263157521e+00,9.473684210526315264e-01,9.154874509109877101e-01,0.000000000000000000e+00,-2.406824587823299666e-01
4.736842105263157521e+00,1.052631578947368363e+00,9.140982499801426631e-01,0.000000000000000000e+00,-2.458172041273375963e-01
4.736842105263157521e+00,1.157894736842105310e+00,9.192688594032503158e-01,0.000000000000000000e+00,-2.537609322842462323e-01
4.736842105263157521e+00,1.263157894736842035e+00,9.214270129624251293e-01,0.000000000000000000e+00,-2.441922459300212289e-01
4.736842105263157521e+00,1.368421052631578760e+00,9.215366568359514288e-01,0.000000000000000000e+00,-2.641480212189602494e-01
4.736842105263157521e+00,1.473684210526315708e+00,9.201078090642202945e-01,0.000000000000000000e+00,-2.858920115282867491e-01
4.736842105263157521e+00,1.578947368421052655e+00,9.198118763360879635e-01,0.000000000000000000e+00,-2.913347092493614454e-01
4.736842105263157521e+00,1.684210526315789380e+00,9.218590995489253093e-01,0.000000000000000000e+00,-3.105365681945491674e-01
4.736842105263157521e+00,1.789473684210526105e+00,7.904140219061260852e-01,0.000000000000000000e+00,-3.108103056583536028e-01
4.736842105263157521e+00,1.894736842105263053e+00,7.286093977480919692e-01,0.000000000000000000e+00,-4.068882756216380958e-01
4.736842105263157521e+00,2.000000000000000000e+00,6.044203480376054705e-01,0.000000000000000000e+00,-4.109495181684537646e-01
5.052631578947368141e+00,0.000000000000000000e+00,9.322668353624268267e-01,0.000000000000000000e+00,-1.628241404322141594e-01
5.052631578947368141e+00,1.052631578947368363e-01,9.195625408686587399e-01,0.000000000000000000e+00,-1.842352276221417839e-01
5.052631578947368141e+00,2.105263157894736725e-01,9.229678924174059551e-01,0.000000000000000000e+00,-2.130057598478417580e-01
5.052631578947368141e+00,3.157894736842105088e-01,9.194605240862364637e-01,0.000000000000000000e+00,-2.293584498915121617e-01
5.052631578947368141e+00,4.210526315789473450e-01,9.212306425621319406e-01,0.000000000000000000e+00,-2.335548877653586264e-01
5.052631578947368141e+00,5.263157894736841813e-01,9.175835817440871622e-01,0.000000000000000000e+00,-2.351661599670958336e-01
5.052631578947368141e+00,6.315789473684210176e-01,9.163476265767340756e-01,0.000000000000000000e+00,-2.373468440635991827e-01
5.052631578947368141e+00,7.368421052631578538e-01,9.179447259345010490e-01,0.000000000000000000e+00,-2.422138348743508585e-01
5.052631578947368141e+00,8.421052631578946901e-01,9.159713621087088864e-01,0.000000000000000000e+00,-2.526120792334430876e-01
5.052631578947368141e+00,9.473684210526315264e-01,9.301511684513571465e-01,0.000000000000000000e+00,-2.642970613272526692e-01
5.052631578947368141e+00,1.052631578947368363e+00,9.299298482170401670e-01,0.000000000000000000e+00,-2.769579272216925458e-01
5.052631578947368141e+00,1.157894736842105310e+00,9.106282288064014852e-01,0.000000000000000000e+00,-3.003037541561739965e-01
5.052631578947368141e+00,1.263157894736842035e+00,8.428904457926087446e-01,0.000000000000000000e+00,-3.086697136213827908e-01
5.052631578947368141e+00,1.368421052631578760e+00,6.279525556010008280e-01,0.000000000000000000e+00,-3.710347007655997453e-01
5.052631578947368141e+00,1.473684210526315708e+00,6.065233559809222186e-01,0.000000000000000000e+00,-3.710776902264132371e-01
5.052631578947368141e+00,1.578947368421052655e+00,6.225570141338616637e-01,0.000000000000000000e+00,-3.566344432842177836e-01
5.052631578947368141e+00,1.684210526315789380e+00,6.147626672559453054e-01,0.000000000000000000e+00,-3.694425203752423337e-01
5.052631578947368141e+00,1.789473684210526105e+00,6.361262685383934912e-01,0.000000000000000000e+00,-3.533676349874506073e-01
5.052631578947368141e+00,1.894736842105263053e+00,6.133221301349469634e-01,0.000000000000000000e+00,-3.705776502680815931e-01
5.052631578947368141e+00,2.000000000000000000e+00,6.114433089790157760e-01,0.000000000000000000e+00,-3.714384161590961742e-01
5.368421052631578760e+00,0.000000000000000000e+00,8.833506076714341404e-01,0.000000000000000000e+00,-1.755522572718201668e-01
5.368421052631578760e+00,1.052631578947368363e-01,8.850103258697621378e-01,0.000000000000000000e+00,-2.183039018734972692e-01
5.368421052631578760e+00,2.105263157894736725e-01,8.837908403528328405e-01,0.000000000000000000e+00,-2.324946972687205460e-01
5.368421052631578760e+00,3.157894736842105088e-01,8.821890082059845595e-01,0.000000000000000000e+00,-2.347575949070589418e-01
5.368421052631578760e+00,4.210526315789473450e-01,8.703864126443907612e-01,0.000000000000000000e+00,-2.382689573140286121e-01
5.368421052631578760e+00,5.263157894736841813e-01,8.827995786925701971e-01,0.000000000000000000e+00,-2.434691873430589182e-01
5.368421052631578760e+00,6.315789473684210176e-01,9.323946870424165700e-01,0.000000000000000000e+00,-2.458919407553340208e-01
5.368421052631578760e+00,7.368421052631578538e-01,9.365173606502948944e-01,0.000000000000000000e+00,-2.487543884087217716e-01
5.368421052631578760e+00,8.421052631578946901e-01,9.375879890524804194e-01,0.000000000000000000e+00,-2.860725396138944499e-01
5.368421052631578760e+00,9.473684210526315264e-01,7.879788714052632370e-01,0.000000000000000000e+00,-3.093207750949784063e-01
5.368421052631578760e+00,1.052631578947368363e+00,7.401698772943600124e-01,0.000000000000000000e+00,-3.392292888221570824e-01
5.368421052631578760e+00,1.157894736842105310e+00,6.543381730488987413e-01,0.000000000000000000e+00,-3.371190101878509537e-01
5.368421052631578760e+00,1.263157894736842035e+00,8.295141901092000225e-01,0.000000000000000000e+00,-3.107477931733713672e-01
5.368421052631578760e+00,1.368421052631578760e+00,7.150732680498057547e-01,0.000000000000000000e+00,-3.288808334014275414e-01
5.368421052631578760e+00,1.473684210526315708e+00,7.830899697997818487e-01,0.000000000000000000e+00,-3.250524034087841074e-01
5.368421052631578760e+00,1.578947368421052655e+00,6.732152951077540193e-01,0.000000000000000000e+00,-3.143061985360441346e-01
5.368421052631578760e+00,1.684210526315789380e+00,6.714678679274797002e-01,0.000000000000000000e+00,-3.011651768269881235e-01
5.368421052631578760e+00,1.789473684210526105e+00,6.686149096655417123e-01,0.000000000000000000e+00,-3.107953216417950748e-01
5.368421052631578760e+00,1.894736842105263053e+00,6.718791998353138561e-01,0.000000000000000000e+00,-3.088470516994182291e-01
5.368421052631578760e+00,2.000000000000000000e+00,6.404887563838966846e-01,0.000000000000000000e+00,-3.455499538320647157e-01
5.684210526315789380e+00,0.000000000000000000e+00,8.892727723074622670e-01,0.000000000000000000e+00,-2.147462835801519920e-01
5.684210526315789380e+00,1.052631578947368363e-01,8.912658028905600105e-01,0.000000000000000000e+00,-2.329138151146186442e-01
5.684210526315789380e+00,2.105263157894736725e-01,8.982888794065094773e-01,0.000000000000000000e+00,-2.355653281572919755e-01
5.684210526315789380e+00,3.157894736842105088e-01,8.928266559646806932e-01,0.000000000000000000e+00,-2.423879851188037449e-01
5.684210526315789380e+00,4.210526315789473450e-01,8.531180244874781993e-01,0.000000000000000000e+00,-2.530433145676338480e-01
5.684210526315789380e+00,5.263157894736841813e-01,8.179073561934790959e-01,0.000000000000000000e+00,-2.857332760439901254e-01
5.684210526315789380e+00,6.315789473684210176e-01,7.903846810040423554e-01,0.000000000000000000e+00,-3.057913558289278022e-01
5.684210526315789380e+00,7.368421052631578538e-01,7.896540184557380160e-01,0.000000000000000000e+00,-3.038213554200330235e-01
5.684210526315789380e+00,8.421052631578946901e-01,7.110178348216046329e-01,0.000000000000000000e+00,-3.045672723183981412e-01
5.684210526315789380e+00,9.473684210526315264e-01,7.224947370990196793e-01,0.000000000000000000e+00,-3.042126514041096352e-01
5.684210526315789380e+00,1.052631578947368363e+00,7.408139061275955672e-01,0.000000000000000000e+00,-3.092508167959312493e-01
5.684210526315789380e+00,1.157894736842105310e+00,7.838873954309538705e-01,0.000000000000000000e+00,-3.083090830126950510e-01
5.684210526315789380e+00,1.263157894736842035e+00,6.788179138319400119e-01,0.000000000000000000e+00,-3.007779943776062170e-01
5.684210526315789380e+00,1.368421052631578760e+00,6.864409581242715275e-01,0.000000000000000000e+00,-3.141125074254183525e-01
5.684210526315789380e+00,1.473684210526315708e+00,6.729300887892600835e-01,0.000000000000000000e+00,-3.112213103858963992e-01
5.684210526315789380e+00,1.578947368421052655e+00,6.653782080429908596e-01,0.000000000000000000e+00,-3.146434455314531253e-01
5.684210526315789380e+00,1.684210526315789380e+00,6.762422896552220397e-01,0.000000000000000000e+00,-3.053758331736711740e-01
5.684210526315789380e+00,1.789473684210526105e+00,6.971757656644550494e-01,0.000000000000000000e+00,-3.179323233580283459e-01
5.684210526315789380e+00,1.894736842105263053e+00,6.579600084425215600e-01,0.000000000000000000e+00,-3.201827870249121522e-01
5.684210526315789380e+00,2.000000000000000000e+00,6.614719699192265212e-01,0.000000000000000000e+00,-3.193773869429252787e-01
6.000000000000000000e+00,0.000000000000000000e+00,9.051971961778932929e-01,0.000000000000000000e+00,-2.323823921580515095e-01
6.000000000000000000e+00,1.052631578947368363e-01,9.099358346168407996e-01,0.000000000000000000e+00,-2.375871286341462718e-01
6.000000000000000000e+00,2.105263157894736725e-01,8.690196951802455771e-01,0.000000000000000000e+00,-2.513992227360519749e-01
6.000000000000000000e+00,3.157894736842105088e-01,8.459907005218901821e-01,0.000000000000000000e+00,-2.827260870741449827e-01
6.000000000000000000e+00,4.210526315789473450e-01,7.872803942635674401e-01,0.000000000000000000e+00,-2.855199606432382020e-01
6.000000000000000000e+00,5.263157894736841813e-01,7.653389991304198059e-01,0.000000000000000000e+00,-2.865312266994183843e-01
6.000000000000000000e+00,6.315789473684210176e-01,7.519271764150751158e-01,0.000000000000000000e+00,-2.887507305442196248e-01
6.000000000000000000e+00,7.368421052631578538e-01,7.448128481965738956e-01,0.000000000000000000e+00,-2.905897041126060398e-01
6.000000000000000000e+00,8.421052631578946901e-01,7.434135563152874937e-01,0.000000000000000000e+00,-2.906600839628365462e-01
6.000000000000000000e+00,9.473684210526315264e-01,7.034387366569568867e-01,0.000000000000000000e+00,-2.917772456511713020e-01
6.000000000000000000e+00,1.052631578947368363e+00,7.415754565291554634e-01,0.000000000000000000e+00,-2.904897452872713393e-01
6.000000000000000000e+00,1.157894736842105310e+00,6.928232874531217167e-01,0.000000000000000000e+00,-2.939677695621529807e-01
6.000000000000000000e+00,1.263157894736842035e+00,7.065362230844721703e-01,0.000000000000000000e+00,-2.946011227403980692e-01
6.000000000000000000e+00,1.368421052631578760e+00,6.836976307576577705e-01,0.000000000000000000e+00,-2.998124519861246062e-01
6.000000000000000000e+00,1.473684210526315708e+00,6.830908685546863701e-01,0.000000000000000000e+00,-2.994439090086453148e-01
6.000000000000000000e+00,1.578947368421052655e+00,6.973504393634852860e-01,0.000000000000000000e+00,-3.010413007179481015e-01
6.000000000000000000e+00,1.684210526315789380e+00,6.971779024210642550e-01,0.000000000000000000e+00,-3.045587382970691981e-01
6.000000000000000000e+00,1.789473684210526105e+00,7.275881899419657239e-01,0.000000000000000000e+00,-3.020093677524217646e-01
6.000000000000000000e+00,1.894736842105263053e+00,7.027266251381337758e-01,0.000000000000000000e+00,-3.099356733699881739e-01
6.000000000000000000e+00,2.000000000000000000e+00,6.778205330121979122e-01,0.000000000000000000e+00,-3.077388745530423297e-01
